ISO-10303-21;
HEADER;
/* Generated by software containing ST-Developer
 * from STEP Tools, Inc. (www.steptools.com) 
 */

FILE_DESCRIPTION(
/* description */ ('STEP AP214'),
/* implementation_level */ '2;1');

FILE_NAME(
/* name */ 
'2445P Screw Terminal Block- 2 Pin, 3.5mm Pitch, Side Entry.step',
/* time_stamp */ '2026-07-17T09:44:44+02:00',
/* author */ (''),
/* organization */ (''),
/* preprocessor_version */ 'ST-DEVELOPER v20.1',
/* originating_system */ 'Autodesk Translation Framework v15.8.0.0',
/* authorisation */ '');

FILE_SCHEMA (('AUTOMOTIVE_DESIGN { 1 0 10303 214 3 1 1 }'));
ENDSEC;

DATA;
#10=MECHANICAL_DESIGN_GEOMETRIC_PRESENTATION_REPRESENTATION('',(#133,#134,
#135,#136,#137),#5677);
#11=SHAPE_REPRESENTATION_RELATIONSHIP('SRR','None',#5684,#12);
#12=ADVANCED_BREP_SHAPE_REPRESENTATION('',(#138,#139,#140,#141,#142),#5676);
#13=CONICAL_SURFACE('',#3538,1.,0.785398163397456);
#14=CONICAL_SURFACE('',#3542,1.1,0.785398163397448);
#15=B_SPLINE_CURVE_WITH_KNOTS('',3,(#4828,#4829,#4830,#4831,#4832,#4833,
#4834,#4835,#4836,#4837),.UNSPECIFIED.,.F.,.F.,(4,2,2,2,4),(0.112930387967936,
0.122518778352656,0.131935793277394,0.141216989968693,0.15040885744794),
 .UNSPECIFIED.);
#16=B_SPLINE_CURVE_WITH_KNOTS('',3,(#4840,#4841,#4842,#4843,#4844,#4845,
#4846,#4847,#4848,#4849),.UNSPECIFIED.,.F.,.F.,(4,2,2,2,4),(0.,0.00919186747924705,
0.0184730641705458,0.0278900790952839,0.0374784694800042),.UNSPECIFIED.);
#17=B_SPLINE_CURVE_WITH_KNOTS('',3,(#4860,#4861,#4862,#4863,#4864,#4865,
#4866,#4867,#4868,#4869),.UNSPECIFIED.,.F.,.F.,(4,2,2,2,4),(0.112930387967936,
0.122518778352656,0.131935793277394,0.141216989968693,0.15040885744794),
 .UNSPECIFIED.);
#18=B_SPLINE_CURVE_WITH_KNOTS('',3,(#4870,#4871,#4872,#4873,#4874,#4875,
#4876,#4877,#4878,#4879),.UNSPECIFIED.,.F.,.F.,(4,2,2,2,4),(0.,0.00919186747924706,
0.0184730641705458,0.0278900790952839,0.0374784694800041),.UNSPECIFIED.);
#19=B_SPLINE_CURVE_WITH_KNOTS('',3,(#4890,#4891,#4892,#4893,#4894,#4895,
#4896,#4897,#4898,#4899),.UNSPECIFIED.,.F.,.F.,(4,2,2,2,4),(-0.0374784694800041,
-0.0278900790952839,-0.0184730641705458,-0.00919186747924707,0.),
 .UNSPECIFIED.);
#20=B_SPLINE_CURVE_WITH_KNOTS('',3,(#4902,#4903,#4904,#4905,#4906,#4907,
#4908,#4909,#4910,#4911),.UNSPECIFIED.,.F.,.F.,(4,2,2,2,4),(0.,0.00919186747924706,
0.0184730641705458,0.0278900790952839,0.0374784694800041),.UNSPECIFIED.);
#21=B_SPLINE_CURVE_WITH_KNOTS('',3,(#4945,#4946,#4947,#4948,#4949,#4950,
#4951,#4952,#4953,#4954),.UNSPECIFIED.,.F.,.F.,(4,2,2,2,4),(-0.0374784694800041,
-0.0278900790952839,-0.0184730641705458,-0.00919186747924706,0.),
 .UNSPECIFIED.);
#22=B_SPLINE_CURVE_WITH_KNOTS('',3,(#4956,#4957,#4958,#4959,#4960,#4961,
#4962,#4963,#4964,#4965),.UNSPECIFIED.,.F.,.F.,(4,2,2,2,4),(-0.15040885744794,
-0.141216989968693,-0.131935793277394,-0.122518778352656,-0.112930387967936),
 .UNSPECIFIED.);
#23=CYLINDRICAL_SURFACE('',#3481,0.9);
#24=CYLINDRICAL_SURFACE('',#3484,1.3);
#25=CYLINDRICAL_SURFACE('',#3508,0.9);
#26=CYLINDRICAL_SURFACE('',#3511,1.3);
#27=CYLINDRICAL_SURFACE('',#3525,0.0500000000000001);
#28=CYLINDRICAL_SURFACE('',#3528,0.0500000000000001);
#29=CYLINDRICAL_SURFACE('',#3531,0.0499999999999999);
#30=CYLINDRICAL_SURFACE('',#3535,0.0499999999999999);
#31=CYLINDRICAL_SURFACE('',#3546,1.);
#32=CYLINDRICAL_SURFACE('',#3548,1.);
#33=CYLINDRICAL_SURFACE('',#3550,1.);
#34=CYLINDRICAL_SURFACE('',#3555,1.);
#35=CYLINDRICAL_SURFACE('',#3558,1.);
#36=CYLINDRICAL_SURFACE('',#3563,1.);
#37=CYLINDRICAL_SURFACE('',#3566,1.1);
#38=CYLINDRICAL_SURFACE('',#3569,1.1);
#39=CYLINDRICAL_SURFACE('',#3572,1.45);
#40=CYLINDRICAL_SURFACE('',#3575,1.45);
#41=CYLINDRICAL_SURFACE('',#3610,0.25);
#42=CYLINDRICAL_SURFACE('',#3614,0.25);
#43=CYLINDRICAL_SURFACE('',#3639,0.25);
#44=CYLINDRICAL_SURFACE('',#3643,0.25);
#45=CYLINDRICAL_SURFACE('',#3683,0.0499999999999999);
#46=CYLINDRICAL_SURFACE('',#3694,0.0499999999999999);
#47=CYLINDRICAL_SURFACE('',#3696,0.0500000000000001);
#48=CYLINDRICAL_SURFACE('',#3705,0.0500000000000001);
#49=CIRCLE('',#3478,1.3);
#50=CIRCLE('',#3479,0.1);
#51=CIRCLE('',#3480,1.2);
#52=CIRCLE('',#3482,0.9);
#53=CIRCLE('',#3483,0.9);
#54=CIRCLE('',#3485,1.3);
#55=CIRCLE('',#3486,1.3);
#56=CIRCLE('',#3487,1.3);
#57=CIRCLE('',#3488,1.3);
#58=CIRCLE('',#3489,1.3);
#59=CIRCLE('',#3491,1.05);
#60=CIRCLE('',#3495,1.05);
#61=CIRCLE('',#3502,1.3);
#62=CIRCLE('',#3503,1.05);
#63=CIRCLE('',#3505,1.3);
#64=CIRCLE('',#3506,0.1);
#65=CIRCLE('',#3507,1.2);
#66=CIRCLE('',#3509,0.9);
#67=CIRCLE('',#3510,0.9);
#68=CIRCLE('',#3512,1.3);
#69=CIRCLE('',#3513,1.3);
#70=CIRCLE('',#3514,1.3);
#71=CIRCLE('',#3515,1.3);
#72=CIRCLE('',#3519,1.05);
#73=CIRCLE('',#3526,0.0500000000000001);
#74=CIRCLE('',#3527,0.0500000000000001);
#75=CIRCLE('',#3529,0.0500000000000001);
#76=CIRCLE('',#3530,0.0500000000000001);
#77=CIRCLE('',#3532,0.0499999999999999);
#78=CIRCLE('',#3533,0.0499999999999999);
#79=CIRCLE('',#3534,0.0499999999999999);
#80=CIRCLE('',#3536,0.0499999999999999);
#81=CIRCLE('',#3537,0.0499999999999999);
#82=CIRCLE('',#3539,1.);
#83=CIRCLE('',#3540,1.);
#84=CIRCLE('',#3541,1.1);
#85=CIRCLE('',#3543,1.);
#86=CIRCLE('',#3544,1.);
#87=CIRCLE('',#3545,1.1);
#88=CIRCLE('',#3547,1.);
#89=CIRCLE('',#3549,1.);
#90=CIRCLE('',#3551,1.);
#91=CIRCLE('',#3552,0.999927003051484);
#92=CIRCLE('',#3553,1.);
#93=CIRCLE('',#3554,0.999927003051484);
#94=CIRCLE('',#3556,1.);
#95=CIRCLE('',#3557,1.);
#96=CIRCLE('',#3559,1.);
#97=CIRCLE('',#3560,0.999927003051483);
#98=CIRCLE('',#3561,1.);
#99=CIRCLE('',#3562,0.999927003051483);
#100=CIRCLE('',#3564,1.);
#101=CIRCLE('',#3565,1.);
#102=CIRCLE('',#3567,1.1);
#103=CIRCLE('',#3568,1.1);
#104=CIRCLE('',#3570,1.1);
#105=CIRCLE('',#3571,1.1);
#106=CIRCLE('',#3573,1.45);
#107=CIRCLE('',#3574,1.45);
#108=CIRCLE('',#3576,1.45);
#109=CIRCLE('',#3577,1.45);
#110=CIRCLE('',#3583,0.0499999999999999);
#111=CIRCLE('',#3587,0.0500000000000001);
#112=CIRCLE('',#3588,0.0500000000000001);
#113=CIRCLE('',#3596,0.0499999999999999);
#114=CIRCLE('',#3597,0.0499999999999999);
#115=CIRCLE('',#3611,0.25);
#116=CIRCLE('',#3612,0.25);
#117=CIRCLE('',#3615,0.25);
#118=CIRCLE('',#3616,0.25);
#119=CIRCLE('',#3640,0.25);
#120=CIRCLE('',#3641,0.25);
#121=CIRCLE('',#3644,0.25);
#122=CIRCLE('',#3645,0.25);
#123=CIRCLE('',#3684,0.0499999999999999);
#124=CIRCLE('',#3690,0.0499999999999999);
#125=CIRCLE('',#3697,0.0500000000000001);
#126=CIRCLE('',#3702,0.0500000000000001);
#127=TOROIDAL_SURFACE('',#3477,1.2,0.1);
#128=TOROIDAL_SURFACE('',#3490,1.05,0.25);
#129=TOROIDAL_SURFACE('',#3497,1.05,0.25);
#130=TOROIDAL_SURFACE('',#3501,1.05,0.25);
#131=TOROIDAL_SURFACE('',#3504,1.2,0.1);
#132=TOROIDAL_SURFACE('',#3524,1.05,0.25);
#133=STYLED_ITEM('',(#5694),#138);
#134=STYLED_ITEM('',(#5694),#139);
#135=STYLED_ITEM('',(#5694),#140);
#136=STYLED_ITEM('',(#5694),#141);
#137=STYLED_ITEM('',(#5695),#142);
#138=MANIFOLD_SOLID_BREP('Body1',#3421);
#139=MANIFOLD_SOLID_BREP('Body2',#3422);
#140=MANIFOLD_SOLID_BREP('Body3',#3423);
#141=MANIFOLD_SOLID_BREP('Body4',#3424);
#142=MANIFOLD_SOLID_BREP('Body5',#3425);
#143=FACE_BOUND('',#356,.T.);
#144=FACE_BOUND('',#376,.T.);
#145=FACE_BOUND('',#401,.T.);
#146=FACE_BOUND('',#414,.T.);
#147=FACE_BOUND('',#442,.T.);
#148=FACE_BOUND('',#448,.T.);
#149=FACE_BOUND('',#450,.T.);
#150=FACE_BOUND('',#452,.T.);
#151=FACE_BOUND('',#456,.T.);
#152=FACE_BOUND('',#457,.T.);
#153=FACE_BOUND('',#461,.T.);
#154=FACE_BOUND('',#463,.T.);
#155=FACE_BOUND('',#465,.T.);
#156=FACE_BOUND('',#467,.T.);
#157=FACE_BOUND('',#470,.T.);
#158=FACE_BOUND('',#473,.T.);
#159=FACE_BOUND('',#483,.T.);
#160=FACE_BOUND('',#490,.T.);
#161=FACE_BOUND('',#493,.T.);
#162=FACE_BOUND('',#511,.T.);
#163=FACE_BOUND('',#522,.T.);
#164=FACE_BOUND('',#525,.T.);
#165=FACE_OUTER_BOUND('',#355,.T.);
#166=FACE_OUTER_BOUND('',#357,.T.);
#167=FACE_OUTER_BOUND('',#358,.T.);
#168=FACE_OUTER_BOUND('',#359,.T.);
#169=FACE_OUTER_BOUND('',#360,.T.);
#170=FACE_OUTER_BOUND('',#361,.T.);
#171=FACE_OUTER_BOUND('',#362,.T.);
#172=FACE_OUTER_BOUND('',#363,.T.);
#173=FACE_OUTER_BOUND('',#364,.T.);
#174=FACE_OUTER_BOUND('',#365,.T.);
#175=FACE_OUTER_BOUND('',#366,.T.);
#176=FACE_OUTER_BOUND('',#367,.T.);
#177=FACE_OUTER_BOUND('',#368,.T.);
#178=FACE_OUTER_BOUND('',#369,.T.);
#179=FACE_OUTER_BOUND('',#370,.T.);
#180=FACE_OUTER_BOUND('',#371,.T.);
#181=FACE_OUTER_BOUND('',#372,.T.);
#182=FACE_OUTER_BOUND('',#373,.T.);
#183=FACE_OUTER_BOUND('',#374,.T.);
#184=FACE_OUTER_BOUND('',#375,.T.);
#185=FACE_OUTER_BOUND('',#377,.T.);
#186=FACE_OUTER_BOUND('',#378,.T.);
#187=FACE_OUTER_BOUND('',#379,.T.);
#188=FACE_OUTER_BOUND('',#380,.T.);
#189=FACE_OUTER_BOUND('',#381,.T.);
#190=FACE_OUTER_BOUND('',#382,.T.);
#191=FACE_OUTER_BOUND('',#383,.T.);
#192=FACE_OUTER_BOUND('',#384,.T.);
#193=FACE_OUTER_BOUND('',#385,.T.);
#194=FACE_OUTER_BOUND('',#386,.T.);
#195=FACE_OUTER_BOUND('',#387,.T.);
#196=FACE_OUTER_BOUND('',#388,.T.);
#197=FACE_OUTER_BOUND('',#389,.T.);
#198=FACE_OUTER_BOUND('',#390,.T.);
#199=FACE_OUTER_BOUND('',#391,.T.);
#200=FACE_OUTER_BOUND('',#392,.T.);
#201=FACE_OUTER_BOUND('',#393,.T.);
#202=FACE_OUTER_BOUND('',#394,.T.);
#203=FACE_OUTER_BOUND('',#395,.T.);
#204=FACE_OUTER_BOUND('',#396,.T.);
#205=FACE_OUTER_BOUND('',#397,.T.);
#206=FACE_OUTER_BOUND('',#398,.T.);
#207=FACE_OUTER_BOUND('',#399,.T.);
#208=FACE_OUTER_BOUND('',#400,.T.);
#209=FACE_OUTER_BOUND('',#402,.T.);
#210=FACE_OUTER_BOUND('',#403,.T.);
#211=FACE_OUTER_BOUND('',#404,.T.);
#212=FACE_OUTER_BOUND('',#405,.T.);
#213=FACE_OUTER_BOUND('',#406,.T.);
#214=FACE_OUTER_BOUND('',#407,.T.);
#215=FACE_OUTER_BOUND('',#408,.T.);
#216=FACE_OUTER_BOUND('',#409,.T.);
#217=FACE_OUTER_BOUND('',#410,.T.);
#218=FACE_OUTER_BOUND('',#411,.T.);
#219=FACE_OUTER_BOUND('',#412,.T.);
#220=FACE_OUTER_BOUND('',#413,.T.);
#221=FACE_OUTER_BOUND('',#415,.T.);
#222=FACE_OUTER_BOUND('',#416,.T.);
#223=FACE_OUTER_BOUND('',#417,.T.);
#224=FACE_OUTER_BOUND('',#418,.T.);
#225=FACE_OUTER_BOUND('',#419,.T.);
#226=FACE_OUTER_BOUND('',#420,.T.);
#227=FACE_OUTER_BOUND('',#421,.T.);
#228=FACE_OUTER_BOUND('',#422,.T.);
#229=FACE_OUTER_BOUND('',#423,.T.);
#230=FACE_OUTER_BOUND('',#424,.T.);
#231=FACE_OUTER_BOUND('',#425,.T.);
#232=FACE_OUTER_BOUND('',#426,.T.);
#233=FACE_OUTER_BOUND('',#427,.T.);
#234=FACE_OUTER_BOUND('',#428,.T.);
#235=FACE_OUTER_BOUND('',#429,.T.);
#236=FACE_OUTER_BOUND('',#430,.T.);
#237=FACE_OUTER_BOUND('',#431,.T.);
#238=FACE_OUTER_BOUND('',#432,.T.);
#239=FACE_OUTER_BOUND('',#433,.T.);
#240=FACE_OUTER_BOUND('',#434,.T.);
#241=FACE_OUTER_BOUND('',#435,.T.);
#242=FACE_OUTER_BOUND('',#436,.T.);
#243=FACE_OUTER_BOUND('',#437,.T.);
#244=FACE_OUTER_BOUND('',#438,.T.);
#245=FACE_OUTER_BOUND('',#439,.T.);
#246=FACE_OUTER_BOUND('',#440,.T.);
#247=FACE_OUTER_BOUND('',#441,.T.);
#248=FACE_OUTER_BOUND('',#443,.T.);
#249=FACE_OUTER_BOUND('',#444,.T.);
#250=FACE_OUTER_BOUND('',#445,.T.);
#251=FACE_OUTER_BOUND('',#446,.T.);
#252=FACE_OUTER_BOUND('',#447,.T.);
#253=FACE_OUTER_BOUND('',#449,.T.);
#254=FACE_OUTER_BOUND('',#451,.T.);
#255=FACE_OUTER_BOUND('',#453,.T.);
#256=FACE_OUTER_BOUND('',#454,.T.);
#257=FACE_OUTER_BOUND('',#455,.T.);
#258=FACE_OUTER_BOUND('',#458,.T.);
#259=FACE_OUTER_BOUND('',#459,.T.);
#260=FACE_OUTER_BOUND('',#460,.T.);
#261=FACE_OUTER_BOUND('',#462,.T.);
#262=FACE_OUTER_BOUND('',#464,.T.);
#263=FACE_OUTER_BOUND('',#466,.T.);
#264=FACE_OUTER_BOUND('',#468,.T.);
#265=FACE_OUTER_BOUND('',#469,.T.);
#266=FACE_OUTER_BOUND('',#471,.T.);
#267=FACE_OUTER_BOUND('',#472,.T.);
#268=FACE_OUTER_BOUND('',#474,.T.);
#269=FACE_OUTER_BOUND('',#475,.T.);
#270=FACE_OUTER_BOUND('',#476,.T.);
#271=FACE_OUTER_BOUND('',#477,.T.);
#272=FACE_OUTER_BOUND('',#478,.T.);
#273=FACE_OUTER_BOUND('',#479,.T.);
#274=FACE_OUTER_BOUND('',#480,.T.);
#275=FACE_OUTER_BOUND('',#481,.T.);
#276=FACE_OUTER_BOUND('',#482,.T.);
#277=FACE_OUTER_BOUND('',#484,.T.);
#278=FACE_OUTER_BOUND('',#485,.T.);
#279=FACE_OUTER_BOUND('',#486,.T.);
#280=FACE_OUTER_BOUND('',#487,.T.);
#281=FACE_OUTER_BOUND('',#488,.T.);
#282=FACE_OUTER_BOUND('',#489,.T.);
#283=FACE_OUTER_BOUND('',#491,.T.);
#284=FACE_OUTER_BOUND('',#492,.T.);
#285=FACE_OUTER_BOUND('',#494,.T.);
#286=FACE_OUTER_BOUND('',#495,.T.);
#287=FACE_OUTER_BOUND('',#496,.T.);
#288=FACE_OUTER_BOUND('',#497,.T.);
#289=FACE_OUTER_BOUND('',#498,.T.);
#290=FACE_OUTER_BOUND('',#499,.T.);
#291=FACE_OUTER_BOUND('',#500,.T.);
#292=FACE_OUTER_BOUND('',#501,.T.);
#293=FACE_OUTER_BOUND('',#502,.T.);
#294=FACE_OUTER_BOUND('',#503,.T.);
#295=FACE_OUTER_BOUND('',#504,.T.);
#296=FACE_OUTER_BOUND('',#505,.T.);
#297=FACE_OUTER_BOUND('',#506,.T.);
#298=FACE_OUTER_BOUND('',#507,.T.);
#299=FACE_OUTER_BOUND('',#508,.T.);
#300=FACE_OUTER_BOUND('',#509,.T.);
#301=FACE_OUTER_BOUND('',#510,.T.);
#302=FACE_OUTER_BOUND('',#512,.T.);
#303=FACE_OUTER_BOUND('',#513,.T.);
#304=FACE_OUTER_BOUND('',#514,.T.);
#305=FACE_OUTER_BOUND('',#515,.T.);
#306=FACE_OUTER_BOUND('',#516,.T.);
#307=FACE_OUTER_BOUND('',#517,.T.);
#308=FACE_OUTER_BOUND('',#518,.T.);
#309=FACE_OUTER_BOUND('',#519,.T.);
#310=FACE_OUTER_BOUND('',#520,.T.);
#311=FACE_OUTER_BOUND('',#521,.T.);
#312=FACE_OUTER_BOUND('',#523,.T.);
#313=FACE_OUTER_BOUND('',#524,.T.);
#314=FACE_OUTER_BOUND('',#526,.T.);
#315=FACE_OUTER_BOUND('',#527,.T.);
#316=FACE_OUTER_BOUND('',#528,.T.);
#317=FACE_OUTER_BOUND('',#529,.T.);
#318=FACE_OUTER_BOUND('',#530,.T.);
#319=FACE_OUTER_BOUND('',#531,.T.);
#320=FACE_OUTER_BOUND('',#532,.T.);
#321=FACE_OUTER_BOUND('',#533,.T.);
#322=FACE_OUTER_BOUND('',#534,.T.);
#323=FACE_OUTER_BOUND('',#535,.T.);
#324=FACE_OUTER_BOUND('',#536,.T.);
#325=FACE_OUTER_BOUND('',#537,.T.);
#326=FACE_OUTER_BOUND('',#538,.T.);
#327=FACE_OUTER_BOUND('',#539,.T.);
#328=FACE_OUTER_BOUND('',#540,.T.);
#329=FACE_OUTER_BOUND('',#541,.T.);
#330=FACE_OUTER_BOUND('',#542,.T.);
#331=FACE_OUTER_BOUND('',#543,.T.);
#332=FACE_OUTER_BOUND('',#544,.T.);
#333=FACE_OUTER_BOUND('',#545,.T.);
#334=FACE_OUTER_BOUND('',#546,.T.);
#335=FACE_OUTER_BOUND('',#547,.T.);
#336=FACE_OUTER_BOUND('',#548,.T.);
#337=FACE_OUTER_BOUND('',#549,.T.);
#338=FACE_OUTER_BOUND('',#550,.T.);
#339=FACE_OUTER_BOUND('',#551,.T.);
#340=FACE_OUTER_BOUND('',#552,.T.);
#341=FACE_OUTER_BOUND('',#553,.T.);
#342=FACE_OUTER_BOUND('',#554,.T.);
#343=FACE_OUTER_BOUND('',#555,.T.);
#344=FACE_OUTER_BOUND('',#556,.T.);
#345=FACE_OUTER_BOUND('',#557,.T.);
#346=FACE_OUTER_BOUND('',#558,.T.);
#347=FACE_OUTER_BOUND('',#559,.T.);
#348=FACE_OUTER_BOUND('',#560,.T.);
#349=FACE_OUTER_BOUND('',#561,.T.);
#350=FACE_OUTER_BOUND('',#562,.T.);
#351=FACE_OUTER_BOUND('',#563,.T.);
#352=FACE_OUTER_BOUND('',#564,.T.);
#353=FACE_OUTER_BOUND('',#565,.T.);
#354=FACE_OUTER_BOUND('',#566,.T.);
#355=EDGE_LOOP('',(#2123,#2124,#2125,#2126));
#356=EDGE_LOOP('',(#2127,#2128,#2129,#2130));
#357=EDGE_LOOP('',(#2131,#2132,#2133,#2134));
#358=EDGE_LOOP('',(#2135,#2136,#2137,#2138));
#359=EDGE_LOOP('',(#2139,#2140,#2141,#2142));
#360=EDGE_LOOP('',(#2143,#2144,#2145,#2146));
#361=EDGE_LOOP('',(#2147,#2148,#2149,#2150));
#362=EDGE_LOOP('',(#2151,#2152,#2153,#2154));
#363=EDGE_LOOP('',(#2155,#2156,#2157,#2158));
#364=EDGE_LOOP('',(#2159,#2160,#2161,#2162));
#365=EDGE_LOOP('',(#2163,#2164,#2165,#2166));
#366=EDGE_LOOP('',(#2167,#2168,#2169,#2170));
#367=EDGE_LOOP('',(#2171,#2172,#2173,#2174));
#368=EDGE_LOOP('',(#2175,#2176,#2177,#2178));
#369=EDGE_LOOP('',(#2179,#2180,#2181,#2182));
#370=EDGE_LOOP('',(#2183,#2184,#2185,#2186));
#371=EDGE_LOOP('',(#2187,#2188,#2189,#2190));
#372=EDGE_LOOP('',(#2191,#2192,#2193,#2194));
#373=EDGE_LOOP('',(#2195,#2196,#2197,#2198));
#374=EDGE_LOOP('',(#2199,#2200,#2201,#2202));
#375=EDGE_LOOP('',(#2203,#2204,#2205,#2206));
#376=EDGE_LOOP('',(#2207,#2208,#2209,#2210));
#377=EDGE_LOOP('',(#2211,#2212,#2213,#2214));
#378=EDGE_LOOP('',(#2215,#2216,#2217,#2218));
#379=EDGE_LOOP('',(#2219,#2220,#2221,#2222));
#380=EDGE_LOOP('',(#2223,#2224,#2225,#2226));
#381=EDGE_LOOP('',(#2227,#2228,#2229,#2230));
#382=EDGE_LOOP('',(#2231,#2232,#2233,#2234));
#383=EDGE_LOOP('',(#2235,#2236,#2237,#2238));
#384=EDGE_LOOP('',(#2239,#2240,#2241,#2242));
#385=EDGE_LOOP('',(#2243,#2244,#2245,#2246));
#386=EDGE_LOOP('',(#2247,#2248,#2249,#2250));
#387=EDGE_LOOP('',(#2251,#2252,#2253,#2254));
#388=EDGE_LOOP('',(#2255,#2256,#2257,#2258));
#389=EDGE_LOOP('',(#2259,#2260,#2261,#2262));
#390=EDGE_LOOP('',(#2263,#2264,#2265,#2266));
#391=EDGE_LOOP('',(#2267,#2268,#2269,#2270));
#392=EDGE_LOOP('',(#2271,#2272,#2273,#2274));
#393=EDGE_LOOP('',(#2275,#2276,#2277,#2278));
#394=EDGE_LOOP('',(#2279,#2280,#2281,#2282));
#395=EDGE_LOOP('',(#2283,#2284,#2285,#2286));
#396=EDGE_LOOP('',(#2287,#2288,#2289,#2290));
#397=EDGE_LOOP('',(#2291,#2292,#2293,#2294,#2295,#2296,#2297,#2298));
#398=EDGE_LOOP('',(#2299,#2300,#2301,#2302));
#399=EDGE_LOOP('',(#2303,#2304));
#400=EDGE_LOOP('',(#2305));
#401=EDGE_LOOP('',(#2306));
#402=EDGE_LOOP('',(#2307,#2308));
#403=EDGE_LOOP('',(#2309));
#404=EDGE_LOOP('',(#2310,#2311,#2312,#2313,#2314));
#405=EDGE_LOOP('',(#2315,#2316,#2317,#2318));
#406=EDGE_LOOP('',(#2319,#2320,#2321,#2322));
#407=EDGE_LOOP('',(#2323,#2324,#2325,#2326));
#408=EDGE_LOOP('',(#2327,#2328,#2329,#2330));
#409=EDGE_LOOP('',(#2331,#2332,#2333,#2334));
#410=EDGE_LOOP('',(#2335,#2336,#2337,#2338));
#411=EDGE_LOOP('',(#2339,#2340,#2341,#2342,#2343,#2344,#2345,#2346));
#412=EDGE_LOOP('',(#2347,#2348));
#413=EDGE_LOOP('',(#2349));
#414=EDGE_LOOP('',(#2350));
#415=EDGE_LOOP('',(#2351,#2352));
#416=EDGE_LOOP('',(#2353));
#417=EDGE_LOOP('',(#2354,#2355,#2356,#2357));
#418=EDGE_LOOP('',(#2358,#2359,#2360,#2361));
#419=EDGE_LOOP('',(#2362,#2363,#2364,#2365));
#420=EDGE_LOOP('',(#2366,#2367,#2368,#2369,#2370));
#421=EDGE_LOOP('',(#2371,#2372,#2373,#2374));
#422=EDGE_LOOP('',(#2375,#2376,#2377,#2378));
#423=EDGE_LOOP('',(#2379,#2380,#2381,#2382,#2383));
#424=EDGE_LOOP('',(#2384,#2385,#2386,#2387));
#425=EDGE_LOOP('',(#2388,#2389,#2390,#2391,#2392));
#426=EDGE_LOOP('',(#2393,#2394,#2395,#2396,#2397));
#427=EDGE_LOOP('',(#2398,#2399,#2400,#2401,#2402));
#428=EDGE_LOOP('',(#2403,#2404,#2405,#2406,#2407));
#429=EDGE_LOOP('',(#2408,#2409,#2410,#2411,#2412,#2413));
#430=EDGE_LOOP('',(#2414,#2415,#2416,#2417));
#431=EDGE_LOOP('',(#2418,#2419,#2420,#2421,#2422,#2423));
#432=EDGE_LOOP('',(#2424,#2425,#2426,#2427));
#433=EDGE_LOOP('',(#2428,#2429,#2430,#2431));
#434=EDGE_LOOP('',(#2432,#2433,#2434,#2435));
#435=EDGE_LOOP('',(#2436,#2437,#2438,#2439));
#436=EDGE_LOOP('',(#2440,#2441,#2442,#2443));
#437=EDGE_LOOP('',(#2444,#2445,#2446,#2447,#2448,#2449,#2450,#2451,#2452,
#2453,#2454,#2455,#2456,#2457));
#438=EDGE_LOOP('',(#2458,#2459,#2460,#2461,#2462,#2463,#2464,#2465,#2466,
#2467,#2468,#2469,#2470,#2471));
#439=EDGE_LOOP('',(#2472,#2473,#2474,#2475));
#440=EDGE_LOOP('',(#2476,#2477,#2478,#2479));
#441=EDGE_LOOP('',(#2480,#2481,#2482,#2483,#2484,#2485,#2486,#2487,#2488,
#2489));
#442=EDGE_LOOP('',(#2490,#2491,#2492,#2493,#2494,#2495));
#443=EDGE_LOOP('',(#2496,#2497,#2498,#2499,#2500,#2501));
#444=EDGE_LOOP('',(#2502,#2503,#2504,#2505,#2506,#2507,#2508,#2509));
#445=EDGE_LOOP('',(#2510,#2511,#2512,#2513,#2514,#2515,#2516,#2517,#2518,
#2519,#2520,#2521,#2522,#2523,#2524,#2525,#2526,#2527,#2528,#2529,#2530,
#2531,#2532,#2533,#2534,#2535,#2536,#2537,#2538,#2539,#2540,#2541,#2542,
#2543,#2544,#2545));
#446=EDGE_LOOP('',(#2546,#2547,#2548,#2549,#2550,#2551,#2552,#2553,#2554,
#2555,#2556,#2557));
#447=EDGE_LOOP('',(#2558,#2559,#2560,#2561,#2562,#2563));
#448=EDGE_LOOP('',(#2564,#2565,#2566,#2567,#2568,#2569));
#449=EDGE_LOOP('',(#2570,#2571,#2572,#2573));
#450=EDGE_LOOP('',(#2574,#2575,#2576,#2577));
#451=EDGE_LOOP('',(#2578,#2579,#2580,#2581));
#452=EDGE_LOOP('',(#2582,#2583,#2584,#2585));
#453=EDGE_LOOP('',(#2586,#2587,#2588,#2589));
#454=EDGE_LOOP('',(#2590,#2591,#2592,#2593,#2594,#2595));
#455=EDGE_LOOP('',(#2596,#2597,#2598,#2599,#2600,#2601,#2602,#2603,#2604,
#2605,#2606,#2607,#2608,#2609,#2610,#2611));
#456=EDGE_LOOP('',(#2612));
#457=EDGE_LOOP('',(#2613));
#458=EDGE_LOOP('',(#2614,#2615,#2616,#2617,#2618,#2619,#2620,#2621));
#459=EDGE_LOOP('',(#2622,#2623,#2624,#2625));
#460=EDGE_LOOP('',(#2626));
#461=EDGE_LOOP('',(#2627));
#462=EDGE_LOOP('',(#2628));
#463=EDGE_LOOP('',(#2629));
#464=EDGE_LOOP('',(#2630,#2631,#2632,#2633));
#465=EDGE_LOOP('',(#2634,#2635,#2636,#2637));
#466=EDGE_LOOP('',(#2638,#2639,#2640,#2641,#2642,#2643));
#467=EDGE_LOOP('',(#2644,#2645,#2646,#2647));
#468=EDGE_LOOP('',(#2648,#2649,#2650,#2651,#2652,#2653,#2654,#2655,#2656,
#2657,#2658,#2659));
#469=EDGE_LOOP('',(#2660,#2661,#2662,#2663));
#470=EDGE_LOOP('',(#2664));
#471=EDGE_LOOP('',(#2665,#2666,#2667,#2668));
#472=EDGE_LOOP('',(#2669,#2670,#2671,#2672));
#473=EDGE_LOOP('',(#2673));
#474=EDGE_LOOP('',(#2674,#2675,#2676,#2677));
#475=EDGE_LOOP('',(#2678,#2679,#2680,#2681));
#476=EDGE_LOOP('',(#2682,#2683,#2684,#2685));
#477=EDGE_LOOP('',(#2686,#2687,#2688,#2689));
#478=EDGE_LOOP('',(#2690,#2691,#2692,#2693));
#479=EDGE_LOOP('',(#2694,#2695,#2696,#2697,#2698,#2699));
#480=EDGE_LOOP('',(#2700,#2701,#2702,#2703,#2704,#2705,#2706,#2707));
#481=EDGE_LOOP('',(#2708,#2709,#2710,#2711));
#482=EDGE_LOOP('',(#2712,#2713,#2714,#2715));
#483=EDGE_LOOP('',(#2716));
#484=EDGE_LOOP('',(#2717,#2718,#2719,#2720,#2721,#2722,#2723,#2724));
#485=EDGE_LOOP('',(#2725,#2726,#2727,#2728));
#486=EDGE_LOOP('',(#2729,#2730,#2731,#2732));
#487=EDGE_LOOP('',(#2733,#2734,#2735,#2736,#2737,#2738,#2739,#2740));
#488=EDGE_LOOP('',(#2741,#2742,#2743,#2744,#2745,#2746,#2747,#2748));
#489=EDGE_LOOP('',(#2749,#2750,#2751,#2752));
#490=EDGE_LOOP('',(#2753));
#491=EDGE_LOOP('',(#2754,#2755,#2756,#2757));
#492=EDGE_LOOP('',(#2758,#2759,#2760,#2761));
#493=EDGE_LOOP('',(#2762));
#494=EDGE_LOOP('',(#2763,#2764,#2765,#2766));
#495=EDGE_LOOP('',(#2767,#2768,#2769,#2770));
#496=EDGE_LOOP('',(#2771,#2772,#2773,#2774));
#497=EDGE_LOOP('',(#2775,#2776,#2777,#2778));
#498=EDGE_LOOP('',(#2779,#2780,#2781,#2782));
#499=EDGE_LOOP('',(#2783,#2784,#2785,#2786));
#500=EDGE_LOOP('',(#2787,#2788,#2789,#2790,#2791,#2792));
#501=EDGE_LOOP('',(#2793,#2794,#2795,#2796,#2797,#2798));
#502=EDGE_LOOP('',(#2799,#2800,#2801,#2802));
#503=EDGE_LOOP('',(#2803,#2804,#2805,#2806));
#504=EDGE_LOOP('',(#2807,#2808,#2809,#2810));
#505=EDGE_LOOP('',(#2811,#2812,#2813,#2814));
#506=EDGE_LOOP('',(#2815,#2816,#2817,#2818));
#507=EDGE_LOOP('',(#2819,#2820,#2821,#2822,#2823,#2824));
#508=EDGE_LOOP('',(#2825,#2826,#2827,#2828,#2829,#2830,#2831,#2832));
#509=EDGE_LOOP('',(#2833,#2834,#2835,#2836));
#510=EDGE_LOOP('',(#2837,#2838,#2839,#2840));
#511=EDGE_LOOP('',(#2841));
#512=EDGE_LOOP('',(#2842,#2843,#2844,#2845,#2846,#2847,#2848,#2849));
#513=EDGE_LOOP('',(#2850,#2851,#2852,#2853));
#514=EDGE_LOOP('',(#2854,#2855,#2856,#2857));
#515=EDGE_LOOP('',(#2858,#2859,#2860,#2861,#2862,#2863,#2864,#2865));
#516=EDGE_LOOP('',(#2866,#2867,#2868,#2869,#2870,#2871,#2872,#2873));
#517=EDGE_LOOP('',(#2874,#2875,#2876,#2877));
#518=EDGE_LOOP('',(#2878,#2879,#2880,#2881,#2882,#2883));
#519=EDGE_LOOP('',(#2884,#2885,#2886,#2887,#2888,#2889));
#520=EDGE_LOOP('',(#2890,#2891,#2892,#2893));
#521=EDGE_LOOP('',(#2894,#2895,#2896,#2897));
#522=EDGE_LOOP('',(#2898));
#523=EDGE_LOOP('',(#2899));
#524=EDGE_LOOP('',(#2900,#2901,#2902,#2903));
#525=EDGE_LOOP('',(#2904));
#526=EDGE_LOOP('',(#2905));
#527=EDGE_LOOP('',(#2906,#2907,#2908,#2909));
#528=EDGE_LOOP('',(#2910,#2911,#2912,#2913));
#529=EDGE_LOOP('',(#2914,#2915,#2916,#2917));
#530=EDGE_LOOP('',(#2918,#2919,#2920,#2921));
#531=EDGE_LOOP('',(#2922,#2923,#2924,#2925));
#532=EDGE_LOOP('',(#2926,#2927,#2928,#2929));
#533=EDGE_LOOP('',(#2930,#2931,#2932,#2933));
#534=EDGE_LOOP('',(#2934,#2935,#2936,#2937));
#535=EDGE_LOOP('',(#2938,#2939,#2940,#2941));
#536=EDGE_LOOP('',(#2942,#2943,#2944,#2945));
#537=EDGE_LOOP('',(#2946,#2947,#2948,#2949));
#538=EDGE_LOOP('',(#2950,#2951,#2952,#2953));
#539=EDGE_LOOP('',(#2954,#2955,#2956,#2957));
#540=EDGE_LOOP('',(#2958,#2959,#2960,#2961));
#541=EDGE_LOOP('',(#2962,#2963,#2964,#2965));
#542=EDGE_LOOP('',(#2966,#2967,#2968,#2969));
#543=EDGE_LOOP('',(#2970,#2971,#2972,#2973));
#544=EDGE_LOOP('',(#2974,#2975,#2976,#2977));
#545=EDGE_LOOP('',(#2978,#2979,#2980,#2981));
#546=EDGE_LOOP('',(#2982,#2983,#2984,#2985));
#547=EDGE_LOOP('',(#2986,#2987,#2988,#2989));
#548=EDGE_LOOP('',(#2990,#2991,#2992,#2993));
#549=EDGE_LOOP('',(#2994,#2995,#2996,#2997));
#550=EDGE_LOOP('',(#2998,#2999,#3000,#3001));
#551=EDGE_LOOP('',(#3002,#3003,#3004,#3005,#3006,#3007));
#552=EDGE_LOOP('',(#3008,#3009,#3010,#3011,#3012,#3013));
#553=EDGE_LOOP('',(#3014,#3015,#3016,#3017));
#554=EDGE_LOOP('',(#3018,#3019,#3020,#3021));
#555=EDGE_LOOP('',(#3022,#3023,#3024,#3025));
#556=EDGE_LOOP('',(#3026,#3027,#3028,#3029,#3030));
#557=EDGE_LOOP('',(#3031,#3032,#3033,#3034));
#558=EDGE_LOOP('',(#3035,#3036,#3037,#3038));
#559=EDGE_LOOP('',(#3039,#3040,#3041,#3042));
#560=EDGE_LOOP('',(#3043,#3044,#3045,#3046));
#561=EDGE_LOOP('',(#3047,#3048,#3049,#3050,#3051,#3052));
#562=EDGE_LOOP('',(#3053,#3054,#3055,#3056,#3057,#3058));
#563=EDGE_LOOP('',(#3059,#3060,#3061,#3062));
#564=EDGE_LOOP('',(#3063,#3064,#3065,#3066));
#565=EDGE_LOOP('',(#3067,#3068,#3069,#3070));
#566=EDGE_LOOP('',(#3071,#3072,#3073,#3074));
#567=LINE('',#4639,#957);
#568=LINE('',#4641,#958);
#569=LINE('',#4643,#959);
#570=LINE('',#4644,#960);
#571=LINE('',#4647,#961);
#572=LINE('',#4649,#962);
#573=LINE('',#4651,#963);
#574=LINE('',#4652,#964);
#575=LINE('',#4655,#965);
#576=LINE('',#4657,#966);
#577=LINE('',#4658,#967);
#578=LINE('',#4662,#968);
#579=LINE('',#4664,#969);
#580=LINE('',#4666,#970);
#581=LINE('',#4667,#971);
#582=LINE('',#4670,#972);
#583=LINE('',#4672,#973);
#584=LINE('',#4673,#974);
#585=LINE('',#4675,#975);
#586=LINE('',#4677,#976);
#587=LINE('',#4680,#977);
#588=LINE('',#4682,#978);
#589=LINE('',#4683,#979);
#590=LINE('',#4686,#980);
#591=LINE('',#4687,#981);
#592=LINE('',#4690,#982);
#593=LINE('',#4691,#983);
#594=LINE('',#4693,#984);
#595=LINE('',#4697,#985);
#596=LINE('',#4699,#986);
#597=LINE('',#4701,#987);
#598=LINE('',#4702,#988);
#599=LINE('',#4704,#989);
#600=LINE('',#4705,#990);
#601=LINE('',#4707,#991);
#602=LINE('',#4709,#992);
#603=LINE('',#4712,#993);
#604=LINE('',#4713,#994);
#605=LINE('',#4715,#995);
#606=LINE('',#4717,#996);
#607=LINE('',#4722,#997);
#608=LINE('',#4724,#998);
#609=LINE('',#4726,#999);
#610=LINE('',#4727,#1000);
#611=LINE('',#4730,#1001);
#612=LINE('',#4732,#1002);
#613=LINE('',#4734,#1003);
#614=LINE('',#4735,#1004);
#615=LINE('',#4738,#1005);
#616=LINE('',#4740,#1006);
#617=LINE('',#4741,#1007);
#618=LINE('',#4745,#1008);
#619=LINE('',#4747,#1009);
#620=LINE('',#4749,#1010);
#621=LINE('',#4750,#1011);
#622=LINE('',#4753,#1012);
#623=LINE('',#4755,#1013);
#624=LINE('',#4756,#1014);
#625=LINE('',#4758,#1015);
#626=LINE('',#4760,#1016);
#627=LINE('',#4763,#1017);
#628=LINE('',#4765,#1018);
#629=LINE('',#4766,#1019);
#630=LINE('',#4769,#1020);
#631=LINE('',#4770,#1021);
#632=LINE('',#4773,#1022);
#633=LINE('',#4774,#1023);
#634=LINE('',#4776,#1024);
#635=LINE('',#4780,#1025);
#636=LINE('',#4782,#1026);
#637=LINE('',#4784,#1027);
#638=LINE('',#4785,#1028);
#639=LINE('',#4787,#1029);
#640=LINE('',#4788,#1030);
#641=LINE('',#4790,#1031);
#642=LINE('',#4792,#1032);
#643=LINE('',#4795,#1033);
#644=LINE('',#4796,#1034);
#645=LINE('',#4798,#1035);
#646=LINE('',#4800,#1036);
#647=LINE('',#4812,#1037);
#648=LINE('',#4822,#1038);
#649=LINE('',#4851,#1039);
#650=LINE('',#4856,#1040);
#651=LINE('',#4881,#1041);
#652=LINE('',#4883,#1042);
#653=LINE('',#4922,#1043);
#654=LINE('',#4929,#1044);
#655=LINE('',#4934,#1045);
#656=LINE('',#4939,#1046);
#657=LINE('',#4943,#1047);
#658=LINE('',#4955,#1048);
#659=LINE('',#4973,#1049);
#660=LINE('',#4976,#1050);
#661=LINE('',#4982,#1051);
#662=LINE('',#4985,#1052);
#663=LINE('',#4993,#1053);
#664=LINE('',#4996,#1054);
#665=LINE('',#5002,#1055);
#666=LINE('',#5005,#1056);
#667=LINE('',#5012,#1057);
#668=LINE('',#5020,#1058);
#669=LINE('',#5024,#1059);
#670=LINE('',#5028,#1060);
#671=LINE('',#5034,#1061);
#672=LINE('',#5044,#1062);
#673=LINE('',#5050,#1063);
#674=LINE('',#5060,#1064);
#675=LINE('',#5066,#1065);
#676=LINE('',#5072,#1066);
#677=LINE('',#5078,#1067);
#678=LINE('',#5084,#1068);
#679=LINE('',#5089,#1069);
#680=LINE('',#5091,#1070);
#681=LINE('',#5093,#1071);
#682=LINE('',#5095,#1072);
#683=LINE('',#5097,#1073);
#684=LINE('',#5099,#1074);
#685=LINE('',#5101,#1075);
#686=LINE('',#5103,#1076);
#687=LINE('',#5105,#1077);
#688=LINE('',#5107,#1078);
#689=LINE('',#5109,#1079);
#690=LINE('',#5111,#1080);
#691=LINE('',#5113,#1081);
#692=LINE('',#5114,#1082);
#693=LINE('',#5118,#1083);
#694=LINE('',#5120,#1084);
#695=LINE('',#5122,#1085);
#696=LINE('',#5124,#1086);
#697=LINE('',#5126,#1087);
#698=LINE('',#5128,#1088);
#699=LINE('',#5130,#1089);
#700=LINE('',#5132,#1090);
#701=LINE('',#5134,#1091);
#702=LINE('',#5136,#1092);
#703=LINE('',#5138,#1093);
#704=LINE('',#5140,#1094);
#705=LINE('',#5142,#1095);
#706=LINE('',#5143,#1096);
#707=LINE('',#5147,#1097);
#708=LINE('',#5149,#1098);
#709=LINE('',#5151,#1099);
#710=LINE('',#5152,#1100);
#711=LINE('',#5156,#1101);
#712=LINE('',#5158,#1102);
#713=LINE('',#5160,#1103);
#714=LINE('',#5161,#1104);
#715=LINE('',#5164,#1105);
#716=LINE('',#5166,#1106);
#717=LINE('',#5168,#1107);
#718=LINE('',#5170,#1108);
#719=LINE('',#5172,#1109);
#720=LINE('',#5174,#1110);
#721=LINE('',#5176,#1111);
#722=LINE('',#5178,#1112);
#723=LINE('',#5182,#1113);
#724=LINE('',#5183,#1114);
#725=LINE('',#5185,#1115);
#726=LINE('',#5187,#1116);
#727=LINE('',#5188,#1117);
#728=LINE('',#5190,#1118);
#729=LINE('',#5192,#1119);
#730=LINE('',#5194,#1120);
#731=LINE('',#5196,#1121);
#732=LINE('',#5197,#1122);
#733=LINE('',#5201,#1123);
#734=LINE('',#5202,#1124);
#735=LINE('',#5204,#1125);
#736=LINE('',#5206,#1126);
#737=LINE('',#5208,#1127);
#738=LINE('',#5210,#1128);
#739=LINE('',#5212,#1129);
#740=LINE('',#5213,#1130);
#741=LINE('',#5215,#1131);
#742=LINE('',#5216,#1132);
#743=LINE('',#5217,#1133);
#744=LINE('',#5219,#1134);
#745=LINE('',#5222,#1135);
#746=LINE('',#5224,#1136);
#747=LINE('',#5226,#1137);
#748=LINE('',#5228,#1138);
#749=LINE('',#5229,#1139);
#750=LINE('',#5231,#1140);
#751=LINE('',#5233,#1141);
#752=LINE('',#5235,#1142);
#753=LINE('',#5236,#1143);
#754=LINE('',#5238,#1144);
#755=LINE('',#5240,#1145);
#756=LINE('',#5242,#1146);
#757=LINE('',#5243,#1147);
#758=LINE('',#5245,#1148);
#759=LINE('',#5247,#1149);
#760=LINE('',#5249,#1150);
#761=LINE('',#5251,#1151);
#762=LINE('',#5252,#1152);
#763=LINE('',#5254,#1153);
#764=LINE('',#5257,#1154);
#765=LINE('',#5261,#1155);
#766=LINE('',#5263,#1156);
#767=LINE('',#5265,#1157);
#768=LINE('',#5267,#1158);
#769=LINE('',#5269,#1159);
#770=LINE('',#5271,#1160);
#771=LINE('',#5273,#1161);
#772=LINE('',#5275,#1162);
#773=LINE('',#5276,#1163);
#774=LINE('',#5278,#1164);
#775=LINE('',#5279,#1165);
#776=LINE('',#5283,#1166);
#777=LINE('',#5285,#1167);
#778=LINE('',#5287,#1168);
#779=LINE('',#5288,#1169);
#780=LINE('',#5290,#1170);
#781=LINE('',#5291,#1171);
#782=LINE('',#5294,#1172);
#783=LINE('',#5295,#1173);
#784=LINE('',#5297,#1174);
#785=LINE('',#5299,#1175);
#786=LINE('',#5300,#1176);
#787=LINE('',#5304,#1177);
#788=LINE('',#5305,#1178);
#789=LINE('',#5306,#1179);
#790=LINE('',#5309,#1180);
#791=LINE('',#5311,#1181);
#792=LINE('',#5313,#1182);
#793=LINE('',#5314,#1183);
#794=LINE('',#5317,#1184);
#795=LINE('',#5319,#1185);
#796=LINE('',#5320,#1186);
#797=LINE('',#5323,#1187);
#798=LINE('',#5325,#1188);
#799=LINE('',#5327,#1189);
#800=LINE('',#5328,#1190);
#801=LINE('',#5330,#1191);
#802=LINE('',#5334,#1192);
#803=LINE('',#5335,#1193);
#804=LINE('',#5336,#1194);
#805=LINE('',#5337,#1195);
#806=LINE('',#5339,#1196);
#807=LINE('',#5341,#1197);
#808=LINE('',#5344,#1198);
#809=LINE('',#5345,#1199);
#810=LINE('',#5347,#1200);
#811=LINE('',#5350,#1201);
#812=LINE('',#5351,#1202);
#813=LINE('',#5352,#1203);
#814=LINE('',#5358,#1204);
#815=LINE('',#5359,#1205);
#816=LINE('',#5362,#1206);
#817=LINE('',#5364,#1207);
#818=LINE('',#5366,#1208);
#819=LINE('',#5367,#1209);
#820=LINE('',#5369,#1210);
#821=LINE('',#5370,#1211);
#822=LINE('',#5371,#1212);
#823=LINE('',#5374,#1213);
#824=LINE('',#5376,#1214);
#825=LINE('',#5378,#1215);
#826=LINE('',#5379,#1216);
#827=LINE('',#5382,#1217);
#828=LINE('',#5384,#1218);
#829=LINE('',#5386,#1219);
#830=LINE('',#5387,#1220);
#831=LINE('',#5389,#1221);
#832=LINE('',#5391,#1222);
#833=LINE('',#5393,#1223);
#834=LINE('',#5394,#1224);
#835=LINE('',#5395,#1225);
#836=LINE('',#5397,#1226);
#837=LINE('',#5398,#1227);
#838=LINE('',#5400,#1228);
#839=LINE('',#5402,#1229);
#840=LINE('',#5407,#1230);
#841=LINE('',#5409,#1231);
#842=LINE('',#5411,#1232);
#843=LINE('',#5412,#1233);
#844=LINE('',#5417,#1234);
#845=LINE('',#5421,#1235);
#846=LINE('',#5423,#1236);
#847=LINE('',#5424,#1237);
#848=LINE('',#5429,#1238);
#849=LINE('',#5433,#1239);
#850=LINE('',#5434,#1240);
#851=LINE('',#5436,#1241);
#852=LINE('',#5437,#1242);
#853=LINE('',#5439,#1243);
#854=LINE('',#5440,#1244);
#855=LINE('',#5443,#1245);
#856=LINE('',#5445,#1246);
#857=LINE('',#5446,#1247);
#858=LINE('',#5449,#1248);
#859=LINE('',#5451,#1249);
#860=LINE('',#5452,#1250);
#861=LINE('',#5455,#1251);
#862=LINE('',#5457,#1252);
#863=LINE('',#5459,#1253);
#864=LINE('',#5461,#1254);
#865=LINE('',#5463,#1255);
#866=LINE('',#5465,#1256);
#867=LINE('',#5466,#1257);
#868=LINE('',#5470,#1258);
#869=LINE('',#5471,#1259);
#870=LINE('',#5472,#1260);
#871=LINE('',#5474,#1261);
#872=LINE('',#5475,#1262);
#873=LINE('',#5477,#1263);
#874=LINE('',#5479,#1264);
#875=LINE('',#5481,#1265);
#876=LINE('',#5482,#1266);
#877=LINE('',#5484,#1267);
#878=LINE('',#5486,#1268);
#879=LINE('',#5489,#1269);
#880=LINE('',#5490,#1270);
#881=LINE('',#5492,#1271);
#882=LINE('',#5493,#1272);
#883=LINE('',#5495,#1273);
#884=LINE('',#5496,#1274);
#885=LINE('',#5498,#1275);
#886=LINE('',#5499,#1276);
#887=LINE('',#5501,#1277);
#888=LINE('',#5504,#1278);
#889=LINE('',#5509,#1279);
#890=LINE('',#5511,#1280);
#891=LINE('',#5513,#1281);
#892=LINE('',#5514,#1282);
#893=LINE('',#5519,#1283);
#894=LINE('',#5523,#1284);
#895=LINE('',#5525,#1285);
#896=LINE('',#5526,#1286);
#897=LINE('',#5531,#1287);
#898=LINE('',#5535,#1288);
#899=LINE('',#5536,#1289);
#900=LINE('',#5538,#1290);
#901=LINE('',#5539,#1291);
#902=LINE('',#5541,#1292);
#903=LINE('',#5542,#1293);
#904=LINE('',#5545,#1294);
#905=LINE('',#5547,#1295);
#906=LINE('',#5548,#1296);
#907=LINE('',#5551,#1297);
#908=LINE('',#5553,#1298);
#909=LINE('',#5554,#1299);
#910=LINE('',#5557,#1300);
#911=LINE('',#5559,#1301);
#912=LINE('',#5561,#1302);
#913=LINE('',#5563,#1303);
#914=LINE('',#5565,#1304);
#915=LINE('',#5567,#1305);
#916=LINE('',#5568,#1306);
#917=LINE('',#5572,#1307);
#918=LINE('',#5573,#1308);
#919=LINE('',#5574,#1309);
#920=LINE('',#5576,#1310);
#921=LINE('',#5577,#1311);
#922=LINE('',#5579,#1312);
#923=LINE('',#5581,#1313);
#924=LINE('',#5583,#1314);
#925=LINE('',#5586,#1315);
#926=LINE('',#5593,#1316);
#927=LINE('',#5596,#1317);
#928=LINE('',#5599,#1318);
#929=LINE('',#5602,#1319);
#930=LINE('',#5605,#1320);
#931=LINE('',#5607,#1321);
#932=LINE('',#5610,#1322);
#933=LINE('',#5612,#1323);
#934=LINE('',#5615,#1324);
#935=LINE('',#5617,#1325);
#936=LINE('',#5620,#1326);
#937=LINE('',#5622,#1327);
#938=LINE('',#5626,#1328);
#939=LINE('',#5629,#1329);
#940=LINE('',#5631,#1330);
#941=LINE('',#5633,#1331);
#942=LINE('',#5635,#1332);
#943=LINE('',#5638,#1333);
#944=LINE('',#5640,#1334);
#945=LINE('',#5643,#1335);
#946=LINE('',#5646,#1336);
#947=LINE('',#5650,#1337);
#948=LINE('',#5651,#1338);
#949=LINE('',#5654,#1339);
#950=LINE('',#5657,#1340);
#951=LINE('',#5659,#1341);
#952=LINE('',#5663,#1342);
#953=LINE('',#5664,#1343);
#954=LINE('',#5666,#1344);
#955=LINE('',#5670,#1345);
#956=LINE('',#5672,#1346);
#957=VECTOR('',#3711,1000.);
#958=VECTOR('',#3712,1000.);
#959=VECTOR('',#3713,1000.);
#960=VECTOR('',#3714,1000.);
#961=VECTOR('',#3715,1000.);
#962=VECTOR('',#3716,1000.);
#963=VECTOR('',#3717,1000.);
#964=VECTOR('',#3718,1000.);
#965=VECTOR('',#3721,1000.);
#966=VECTOR('',#3722,1000.);
#967=VECTOR('',#3723,1000.);
#968=VECTOR('',#3726,1000.);
#969=VECTOR('',#3727,1000.);
#970=VECTOR('',#3728,1000.);
#971=VECTOR('',#3729,1000.);
#972=VECTOR('',#3732,1000.);
#973=VECTOR('',#3733,1000.);
#974=VECTOR('',#3734,1000.);
#975=VECTOR('',#3737,1000.);
#976=VECTOR('',#3740,1000.);
#977=VECTOR('',#3743,1000.);
#978=VECTOR('',#3744,1000.);
#979=VECTOR('',#3745,1000.);
#980=VECTOR('',#3748,1000.);
#981=VECTOR('',#3749,1000.);
#982=VECTOR('',#3752,1000.);
#983=VECTOR('',#3753,1000.);
#984=VECTOR('',#3756,1000.);
#985=VECTOR('',#3759,1000.);
#986=VECTOR('',#3760,1000.);
#987=VECTOR('',#3761,1000.);
#988=VECTOR('',#3762,1000.);
#989=VECTOR('',#3765,1000.);
#990=VECTOR('',#3766,1000.);
#991=VECTOR('',#3769,1000.);
#992=VECTOR('',#3772,1000.);
#993=VECTOR('',#3777,1000.);
#994=VECTOR('',#3778,1000.);
#995=VECTOR('',#3781,1000.);
#996=VECTOR('',#3784,1000.);
#997=VECTOR('',#3789,1000.);
#998=VECTOR('',#3790,1000.);
#999=VECTOR('',#3791,1000.);
#1000=VECTOR('',#3792,1000.);
#1001=VECTOR('',#3793,1000.);
#1002=VECTOR('',#3794,1000.);
#1003=VECTOR('',#3795,1000.);
#1004=VECTOR('',#3796,1000.);
#1005=VECTOR('',#3799,1000.);
#1006=VECTOR('',#3800,1000.);
#1007=VECTOR('',#3801,1000.);
#1008=VECTOR('',#3804,1000.);
#1009=VECTOR('',#3805,1000.);
#1010=VECTOR('',#3806,1000.);
#1011=VECTOR('',#3807,1000.);
#1012=VECTOR('',#3810,1000.);
#1013=VECTOR('',#3811,1000.);
#1014=VECTOR('',#3812,1000.);
#1015=VECTOR('',#3815,1000.);
#1016=VECTOR('',#3818,1000.);
#1017=VECTOR('',#3821,1000.);
#1018=VECTOR('',#3822,1000.);
#1019=VECTOR('',#3823,1000.);
#1020=VECTOR('',#3826,1000.);
#1021=VECTOR('',#3827,1000.);
#1022=VECTOR('',#3830,1000.);
#1023=VECTOR('',#3831,1000.);
#1024=VECTOR('',#3834,1000.);
#1025=VECTOR('',#3837,1000.);
#1026=VECTOR('',#3838,1000.);
#1027=VECTOR('',#3839,1000.);
#1028=VECTOR('',#3840,1000.);
#1029=VECTOR('',#3843,1000.);
#1030=VECTOR('',#3844,1000.);
#1031=VECTOR('',#3847,1000.);
#1032=VECTOR('',#3850,1000.);
#1033=VECTOR('',#3855,1000.);
#1034=VECTOR('',#3856,1000.);
#1035=VECTOR('',#3859,1000.);
#1036=VECTOR('',#3862,1000.);
#1037=VECTOR('',#3877,0.9);
#1038=VECTOR('',#3888,1.3);
#1039=VECTOR('',#3899,1000.);
#1040=VECTOR('',#3904,1000.);
#1041=VECTOR('',#3913,1000.);
#1042=VECTOR('',#3916,1000.);
#1043=VECTOR('',#3937,0.9);
#1044=VECTOR('',#3946,1.3);
#1045=VECTOR('',#3953,1000.);
#1046=VECTOR('',#3958,1000.);
#1047=VECTOR('',#3965,1000.);
#1048=VECTOR('',#3968,1000.);
#1049=VECTOR('',#3977,1000.);
#1050=VECTOR('',#3980,1000.);
#1051=VECTOR('',#3985,1000.);
#1052=VECTOR('',#3988,1000.);
#1053=VECTOR('',#3995,1000.);
#1054=VECTOR('',#3998,1000.);
#1055=VECTOR('',#4003,1000.);
#1056=VECTOR('',#4006,1000.);
#1057=VECTOR('',#4013,1.);
#1058=VECTOR('',#4022,1.1);
#1059=VECTOR('',#4027,1.);
#1060=VECTOR('',#4032,1.);
#1061=VECTOR('',#4039,1.);
#1062=VECTOR('',#4050,1.);
#1063=VECTOR('',#4057,1.);
#1064=VECTOR('',#4068,1.);
#1065=VECTOR('',#4075,1.1);
#1066=VECTOR('',#4082,1.1);
#1067=VECTOR('',#4089,1.45);
#1068=VECTOR('',#4096,1.45);
#1069=VECTOR('',#4101,1000.);
#1070=VECTOR('',#4102,1000.);
#1071=VECTOR('',#4103,1000.);
#1072=VECTOR('',#4104,1000.);
#1073=VECTOR('',#4105,1000.);
#1074=VECTOR('',#4106,1000.);
#1075=VECTOR('',#4107,1000.);
#1076=VECTOR('',#4108,1000.);
#1077=VECTOR('',#4109,1000.);
#1078=VECTOR('',#4110,1000.);
#1079=VECTOR('',#4111,1000.);
#1080=VECTOR('',#4112,1000.);
#1081=VECTOR('',#4113,1000.);
#1082=VECTOR('',#4114,1000.);
#1083=VECTOR('',#4117,1000.);
#1084=VECTOR('',#4118,1000.);
#1085=VECTOR('',#4119,1000.);
#1086=VECTOR('',#4120,1000.);
#1087=VECTOR('',#4121,1000.);
#1088=VECTOR('',#4122,1000.);
#1089=VECTOR('',#4123,1000.);
#1090=VECTOR('',#4124,1000.);
#1091=VECTOR('',#4125,1000.);
#1092=VECTOR('',#4126,1000.);
#1093=VECTOR('',#4127,1000.);
#1094=VECTOR('',#4128,1000.);
#1095=VECTOR('',#4129,1000.);
#1096=VECTOR('',#4130,1000.);
#1097=VECTOR('',#4133,1000.);
#1098=VECTOR('',#4134,1000.);
#1099=VECTOR('',#4135,1000.);
#1100=VECTOR('',#4136,1000.);
#1101=VECTOR('',#4139,1000.);
#1102=VECTOR('',#4140,1000.);
#1103=VECTOR('',#4141,1000.);
#1104=VECTOR('',#4142,1000.);
#1105=VECTOR('',#4145,1000.);
#1106=VECTOR('',#4146,1000.);
#1107=VECTOR('',#4147,1000.);
#1108=VECTOR('',#4148,1000.);
#1109=VECTOR('',#4149,1000.);
#1110=VECTOR('',#4150,1000.);
#1111=VECTOR('',#4151,1000.);
#1112=VECTOR('',#4152,1000.);
#1113=VECTOR('',#4155,1000.);
#1114=VECTOR('',#4156,1000.);
#1115=VECTOR('',#4157,1000.);
#1116=VECTOR('',#4158,1000.);
#1117=VECTOR('',#4159,1000.);
#1118=VECTOR('',#4162,1000.);
#1119=VECTOR('',#4163,1000.);
#1120=VECTOR('',#4164,1000.);
#1121=VECTOR('',#4165,1000.);
#1122=VECTOR('',#4166,1000.);
#1123=VECTOR('',#4169,1000.);
#1124=VECTOR('',#4170,1000.);
#1125=VECTOR('',#4171,1000.);
#1126=VECTOR('',#4172,1000.);
#1127=VECTOR('',#4173,1000.);
#1128=VECTOR('',#4174,1000.);
#1129=VECTOR('',#4175,1000.);
#1130=VECTOR('',#4176,1000.);
#1131=VECTOR('',#4179,1000.);
#1132=VECTOR('',#4180,1000.);
#1133=VECTOR('',#4181,1000.);
#1134=VECTOR('',#4182,1000.);
#1135=VECTOR('',#4185,1000.);
#1136=VECTOR('',#4186,1000.);
#1137=VECTOR('',#4187,1000.);
#1138=VECTOR('',#4188,1000.);
#1139=VECTOR('',#4189,1000.);
#1140=VECTOR('',#4190,1000.);
#1141=VECTOR('',#4191,1000.);
#1142=VECTOR('',#4192,1000.);
#1143=VECTOR('',#4193,1000.);
#1144=VECTOR('',#4194,1000.);
#1145=VECTOR('',#4195,1000.);
#1146=VECTOR('',#4196,1000.);
#1147=VECTOR('',#4197,1000.);
#1148=VECTOR('',#4198,1000.);
#1149=VECTOR('',#4199,1000.);
#1150=VECTOR('',#4200,1000.);
#1151=VECTOR('',#4201,1000.);
#1152=VECTOR('',#4202,1000.);
#1153=VECTOR('',#4203,1000.);
#1154=VECTOR('',#4206,1000.);
#1155=VECTOR('',#4209,1000.);
#1156=VECTOR('',#4210,1000.);
#1157=VECTOR('',#4211,1000.);
#1158=VECTOR('',#4212,1000.);
#1159=VECTOR('',#4213,1000.);
#1160=VECTOR('',#4214,1000.);
#1161=VECTOR('',#4215,1000.);
#1162=VECTOR('',#4216,1000.);
#1163=VECTOR('',#4217,1000.);
#1164=VECTOR('',#4218,1000.);
#1165=VECTOR('',#4219,1000.);
#1166=VECTOR('',#4222,1000.);
#1167=VECTOR('',#4223,1000.);
#1168=VECTOR('',#4224,1000.);
#1169=VECTOR('',#4225,1000.);
#1170=VECTOR('',#4226,1000.);
#1171=VECTOR('',#4227,1000.);
#1172=VECTOR('',#4228,1000.);
#1173=VECTOR('',#4229,1000.);
#1174=VECTOR('',#4230,1000.);
#1175=VECTOR('',#4231,1000.);
#1176=VECTOR('',#4232,1000.);
#1177=VECTOR('',#4235,1000.);
#1178=VECTOR('',#4236,1000.);
#1179=VECTOR('',#4237,1000.);
#1180=VECTOR('',#4238,1000.);
#1181=VECTOR('',#4239,1000.);
#1182=VECTOR('',#4240,1000.);
#1183=VECTOR('',#4241,1000.);
#1184=VECTOR('',#4244,1000.);
#1185=VECTOR('',#4245,1000.);
#1186=VECTOR('',#4246,1000.);
#1187=VECTOR('',#4247,1000.);
#1188=VECTOR('',#4248,1000.);
#1189=VECTOR('',#4249,1000.);
#1190=VECTOR('',#4250,1000.);
#1191=VECTOR('',#4253,1000.);
#1192=VECTOR('',#4256,1000.);
#1193=VECTOR('',#4257,1000.);
#1194=VECTOR('',#4258,1000.);
#1195=VECTOR('',#4259,1000.);
#1196=VECTOR('',#4262,1000.);
#1197=VECTOR('',#4263,1000.);
#1198=VECTOR('',#4266,1000.);
#1199=VECTOR('',#4267,1000.);
#1200=VECTOR('',#4268,1000.);
#1201=VECTOR('',#4271,1000.);
#1202=VECTOR('',#4272,1000.);
#1203=VECTOR('',#4273,1000.);
#1204=VECTOR('',#4284,1000.);
#1205=VECTOR('',#4285,1000.);
#1206=VECTOR('',#4286,1000.);
#1207=VECTOR('',#4287,1000.);
#1208=VECTOR('',#4288,1000.);
#1209=VECTOR('',#4289,1000.);
#1210=VECTOR('',#4292,1000.);
#1211=VECTOR('',#4293,1000.);
#1212=VECTOR('',#4294,1000.);
#1213=VECTOR('',#4295,1000.);
#1214=VECTOR('',#4296,1000.);
#1215=VECTOR('',#4297,1000.);
#1216=VECTOR('',#4298,1000.);
#1217=VECTOR('',#4301,1000.);
#1218=VECTOR('',#4302,1000.);
#1219=VECTOR('',#4303,1000.);
#1220=VECTOR('',#4304,1000.);
#1221=VECTOR('',#4305,1000.);
#1222=VECTOR('',#4306,1000.);
#1223=VECTOR('',#4307,1000.);
#1224=VECTOR('',#4308,1000.);
#1225=VECTOR('',#4309,1000.);
#1226=VECTOR('',#4312,1000.);
#1227=VECTOR('',#4313,1000.);
#1228=VECTOR('',#4316,1000.);
#1229=VECTOR('',#4319,1000.);
#1230=VECTOR('',#4324,1000.);
#1231=VECTOR('',#4325,1000.);
#1232=VECTOR('',#4326,1000.);
#1233=VECTOR('',#4327,1000.);
#1234=VECTOR('',#4332,1000.);
#1235=VECTOR('',#4337,1000.);
#1236=VECTOR('',#4338,1000.);
#1237=VECTOR('',#4339,1000.);
#1238=VECTOR('',#4344,1000.);
#1239=VECTOR('',#4349,1000.);
#1240=VECTOR('',#4350,1000.);
#1241=VECTOR('',#4351,1000.);
#1242=VECTOR('',#4352,1000.);
#1243=VECTOR('',#4355,1000.);
#1244=VECTOR('',#4356,1000.);
#1245=VECTOR('',#4359,1000.);
#1246=VECTOR('',#4360,1000.);
#1247=VECTOR('',#4361,1000.);
#1248=VECTOR('',#4364,1000.);
#1249=VECTOR('',#4365,1000.);
#1250=VECTOR('',#4366,1000.);
#1251=VECTOR('',#4369,1000.);
#1252=VECTOR('',#4370,1000.);
#1253=VECTOR('',#4371,1000.);
#1254=VECTOR('',#4372,1000.);
#1255=VECTOR('',#4373,1000.);
#1256=VECTOR('',#4374,1000.);
#1257=VECTOR('',#4375,1000.);
#1258=VECTOR('',#4378,1000.);
#1259=VECTOR('',#4379,1000.);
#1260=VECTOR('',#4380,1000.);
#1261=VECTOR('',#4383,1000.);
#1262=VECTOR('',#4384,1000.);
#1263=VECTOR('',#4387,1000.);
#1264=VECTOR('',#4390,1000.);
#1265=VECTOR('',#4393,1000.);
#1266=VECTOR('',#4394,1000.);
#1267=VECTOR('',#4397,1000.);
#1268=VECTOR('',#4400,1000.);
#1269=VECTOR('',#4405,1000.);
#1270=VECTOR('',#4406,1000.);
#1271=VECTOR('',#4409,1000.);
#1272=VECTOR('',#4410,1000.);
#1273=VECTOR('',#4413,1000.);
#1274=VECTOR('',#4414,1000.);
#1275=VECTOR('',#4417,1000.);
#1276=VECTOR('',#4418,1000.);
#1277=VECTOR('',#4421,1000.);
#1278=VECTOR('',#4426,1000.);
#1279=VECTOR('',#4431,1000.);
#1280=VECTOR('',#4432,1000.);
#1281=VECTOR('',#4433,1000.);
#1282=VECTOR('',#4434,1000.);
#1283=VECTOR('',#4439,1000.);
#1284=VECTOR('',#4444,1000.);
#1285=VECTOR('',#4445,1000.);
#1286=VECTOR('',#4446,1000.);
#1287=VECTOR('',#4451,1000.);
#1288=VECTOR('',#4456,1000.);
#1289=VECTOR('',#4457,1000.);
#1290=VECTOR('',#4458,1000.);
#1291=VECTOR('',#4459,1000.);
#1292=VECTOR('',#4462,1000.);
#1293=VECTOR('',#4463,1000.);
#1294=VECTOR('',#4466,1000.);
#1295=VECTOR('',#4467,1000.);
#1296=VECTOR('',#4468,1000.);
#1297=VECTOR('',#4471,1000.);
#1298=VECTOR('',#4472,1000.);
#1299=VECTOR('',#4473,1000.);
#1300=VECTOR('',#4476,1000.);
#1301=VECTOR('',#4477,1000.);
#1302=VECTOR('',#4478,1000.);
#1303=VECTOR('',#4479,1000.);
#1304=VECTOR('',#4480,1000.);
#1305=VECTOR('',#4481,1000.);
#1306=VECTOR('',#4482,1000.);
#1307=VECTOR('',#4485,1000.);
#1308=VECTOR('',#4486,1000.);
#1309=VECTOR('',#4487,1000.);
#1310=VECTOR('',#4490,1000.);
#1311=VECTOR('',#4491,1000.);
#1312=VECTOR('',#4494,1000.);
#1313=VECTOR('',#4497,1000.);
#1314=VECTOR('',#4500,1000.);
#1315=VECTOR('',#4505,1000.);
#1316=VECTOR('',#4518,1000.);
#1317=VECTOR('',#4523,1000.);
#1318=VECTOR('',#4528,1000.);
#1319=VECTOR('',#4533,1000.);
#1320=VECTOR('',#4538,1000.);
#1321=VECTOR('',#4541,1000.);
#1322=VECTOR('',#4546,1000.);
#1323=VECTOR('',#4549,1000.);
#1324=VECTOR('',#4554,1000.);
#1325=VECTOR('',#4557,1000.);
#1326=VECTOR('',#4562,1000.);
#1327=VECTOR('',#4565,1000.);
#1328=VECTOR('',#4570,1000.);
#1329=VECTOR('',#4573,1000.);
#1330=VECTOR('',#4576,1000.);
#1331=VECTOR('',#4579,1000.);
#1332=VECTOR('',#4582,1000.);
#1333=VECTOR('',#4587,1000.);
#1334=VECTOR('',#4588,1000.);
#1335=VECTOR('',#4593,1000.);
#1336=VECTOR('',#4598,1000.);
#1337=VECTOR('',#4603,1000.);
#1338=VECTOR('',#4604,1000.);
#1339=VECTOR('',#4607,1000.);
#1340=VECTOR('',#4612,1000.);
#1341=VECTOR('',#4615,1000.);
#1342=VECTOR('',#4620,1000.);
#1343=VECTOR('',#4621,1000.);
#1344=VECTOR('',#4622,1000.);
#1345=VECTOR('',#4629,1000.);
#1346=VECTOR('',#4632,1000.);
#1347=VERTEX_POINT('',#4637);
#1348=VERTEX_POINT('',#4638);
#1349=VERTEX_POINT('',#4640);
#1350=VERTEX_POINT('',#4642);
#1351=VERTEX_POINT('',#4645);
#1352=VERTEX_POINT('',#4646);
#1353=VERTEX_POINT('',#4648);
#1354=VERTEX_POINT('',#4650);
#1355=VERTEX_POINT('',#4654);
#1356=VERTEX_POINT('',#4656);
#1357=VERTEX_POINT('',#4660);
#1358=VERTEX_POINT('',#4661);
#1359=VERTEX_POINT('',#4663);
#1360=VERTEX_POINT('',#4665);
#1361=VERTEX_POINT('',#4669);
#1362=VERTEX_POINT('',#4671);
#1363=VERTEX_POINT('',#4679);
#1364=VERTEX_POINT('',#4681);
#1365=VERTEX_POINT('',#4685);
#1366=VERTEX_POINT('',#4689);
#1367=VERTEX_POINT('',#4695);
#1368=VERTEX_POINT('',#4696);
#1369=VERTEX_POINT('',#4698);
#1370=VERTEX_POINT('',#4700);
#1371=VERTEX_POINT('',#4720);
#1372=VERTEX_POINT('',#4721);
#1373=VERTEX_POINT('',#4723);
#1374=VERTEX_POINT('',#4725);
#1375=VERTEX_POINT('',#4728);
#1376=VERTEX_POINT('',#4729);
#1377=VERTEX_POINT('',#4731);
#1378=VERTEX_POINT('',#4733);
#1379=VERTEX_POINT('',#4737);
#1380=VERTEX_POINT('',#4739);
#1381=VERTEX_POINT('',#4743);
#1382=VERTEX_POINT('',#4744);
#1383=VERTEX_POINT('',#4746);
#1384=VERTEX_POINT('',#4748);
#1385=VERTEX_POINT('',#4752);
#1386=VERTEX_POINT('',#4754);
#1387=VERTEX_POINT('',#4762);
#1388=VERTEX_POINT('',#4764);
#1389=VERTEX_POINT('',#4768);
#1390=VERTEX_POINT('',#4772);
#1391=VERTEX_POINT('',#4778);
#1392=VERTEX_POINT('',#4779);
#1393=VERTEX_POINT('',#4781);
#1394=VERTEX_POINT('',#4783);
#1395=VERTEX_POINT('',#4803);
#1396=VERTEX_POINT('',#4805);
#1397=VERTEX_POINT('',#4809);
#1398=VERTEX_POINT('',#4811);
#1399=VERTEX_POINT('',#4815);
#1400=VERTEX_POINT('',#4816);
#1401=VERTEX_POINT('',#4818);
#1402=VERTEX_POINT('',#4820);
#1403=VERTEX_POINT('',#4823);
#1404=VERTEX_POINT('',#4827);
#1405=VERTEX_POINT('',#4838);
#1406=VERTEX_POINT('',#4854);
#1407=VERTEX_POINT('',#4855);
#1408=VERTEX_POINT('',#4886);
#1409=VERTEX_POINT('',#4887);
#1410=VERTEX_POINT('',#4889);
#1411=VERTEX_POINT('',#4900);
#1412=VERTEX_POINT('',#4913);
#1413=VERTEX_POINT('',#4915);
#1414=VERTEX_POINT('',#4919);
#1415=VERTEX_POINT('',#4921);
#1416=VERTEX_POINT('',#4925);
#1417=VERTEX_POINT('',#4927);
#1418=VERTEX_POINT('',#4930);
#1419=VERTEX_POINT('',#4937);
#1420=VERTEX_POINT('',#4938);
#1421=VERTEX_POINT('',#4969);
#1422=VERTEX_POINT('',#4970);
#1423=VERTEX_POINT('',#4972);
#1424=VERTEX_POINT('',#4974);
#1425=VERTEX_POINT('',#4978);
#1426=VERTEX_POINT('',#4979);
#1427=VERTEX_POINT('',#4981);
#1428=VERTEX_POINT('',#4983);
#1429=VERTEX_POINT('',#4987);
#1430=VERTEX_POINT('',#4988);
#1431=VERTEX_POINT('',#4990);
#1432=VERTEX_POINT('',#4992);
#1433=VERTEX_POINT('',#4994);
#1434=VERTEX_POINT('',#4998);
#1435=VERTEX_POINT('',#4999);
#1436=VERTEX_POINT('',#5001);
#1437=VERTEX_POINT('',#5003);
#1438=VERTEX_POINT('',#5007);
#1439=VERTEX_POINT('',#5008);
#1440=VERTEX_POINT('',#5011);
#1441=VERTEX_POINT('',#5015);
#1442=VERTEX_POINT('',#5016);
#1443=VERTEX_POINT('',#5019);
#1444=VERTEX_POINT('',#5023);
#1445=VERTEX_POINT('',#5027);
#1446=VERTEX_POINT('',#5031);
#1447=VERTEX_POINT('',#5033);
#1448=VERTEX_POINT('',#5035);
#1449=VERTEX_POINT('',#5037);
#1450=VERTEX_POINT('',#5041);
#1451=VERTEX_POINT('',#5043);
#1452=VERTEX_POINT('',#5047);
#1453=VERTEX_POINT('',#5049);
#1454=VERTEX_POINT('',#5051);
#1455=VERTEX_POINT('',#5053);
#1456=VERTEX_POINT('',#5057);
#1457=VERTEX_POINT('',#5059);
#1458=VERTEX_POINT('',#5063);
#1459=VERTEX_POINT('',#5065);
#1460=VERTEX_POINT('',#5069);
#1461=VERTEX_POINT('',#5071);
#1462=VERTEX_POINT('',#5075);
#1463=VERTEX_POINT('',#5077);
#1464=VERTEX_POINT('',#5081);
#1465=VERTEX_POINT('',#5083);
#1466=VERTEX_POINT('',#5087);
#1467=VERTEX_POINT('',#5088);
#1468=VERTEX_POINT('',#5090);
#1469=VERTEX_POINT('',#5092);
#1470=VERTEX_POINT('',#5094);
#1471=VERTEX_POINT('',#5096);
#1472=VERTEX_POINT('',#5098);
#1473=VERTEX_POINT('',#5100);
#1474=VERTEX_POINT('',#5102);
#1475=VERTEX_POINT('',#5104);
#1476=VERTEX_POINT('',#5106);
#1477=VERTEX_POINT('',#5108);
#1478=VERTEX_POINT('',#5110);
#1479=VERTEX_POINT('',#5112);
#1480=VERTEX_POINT('',#5116);
#1481=VERTEX_POINT('',#5117);
#1482=VERTEX_POINT('',#5119);
#1483=VERTEX_POINT('',#5121);
#1484=VERTEX_POINT('',#5123);
#1485=VERTEX_POINT('',#5125);
#1486=VERTEX_POINT('',#5127);
#1487=VERTEX_POINT('',#5129);
#1488=VERTEX_POINT('',#5131);
#1489=VERTEX_POINT('',#5133);
#1490=VERTEX_POINT('',#5135);
#1491=VERTEX_POINT('',#5137);
#1492=VERTEX_POINT('',#5139);
#1493=VERTEX_POINT('',#5141);
#1494=VERTEX_POINT('',#5145);
#1495=VERTEX_POINT('',#5146);
#1496=VERTEX_POINT('',#5148);
#1497=VERTEX_POINT('',#5150);
#1498=VERTEX_POINT('',#5154);
#1499=VERTEX_POINT('',#5155);
#1500=VERTEX_POINT('',#5157);
#1501=VERTEX_POINT('',#5159);
#1502=VERTEX_POINT('',#5163);
#1503=VERTEX_POINT('',#5165);
#1504=VERTEX_POINT('',#5167);
#1505=VERTEX_POINT('',#5169);
#1506=VERTEX_POINT('',#5171);
#1507=VERTEX_POINT('',#5173);
#1508=VERTEX_POINT('',#5175);
#1509=VERTEX_POINT('',#5177);
#1510=VERTEX_POINT('',#5180);
#1511=VERTEX_POINT('',#5181);
#1512=VERTEX_POINT('',#5184);
#1513=VERTEX_POINT('',#5186);
#1514=VERTEX_POINT('',#5191);
#1515=VERTEX_POINT('',#5193);
#1516=VERTEX_POINT('',#5195);
#1517=VERTEX_POINT('',#5199);
#1518=VERTEX_POINT('',#5200);
#1519=VERTEX_POINT('',#5203);
#1520=VERTEX_POINT('',#5205);
#1521=VERTEX_POINT('',#5207);
#1522=VERTEX_POINT('',#5209);
#1523=VERTEX_POINT('',#5211);
#1524=VERTEX_POINT('',#5218);
#1525=VERTEX_POINT('',#5220);
#1526=VERTEX_POINT('',#5223);
#1527=VERTEX_POINT('',#5225);
#1528=VERTEX_POINT('',#5227);
#1529=VERTEX_POINT('',#5230);
#1530=VERTEX_POINT('',#5232);
#1531=VERTEX_POINT('',#5234);
#1532=VERTEX_POINT('',#5237);
#1533=VERTEX_POINT('',#5239);
#1534=VERTEX_POINT('',#5241);
#1535=VERTEX_POINT('',#5244);
#1536=VERTEX_POINT('',#5246);
#1537=VERTEX_POINT('',#5248);
#1538=VERTEX_POINT('',#5250);
#1539=VERTEX_POINT('',#5253);
#1540=VERTEX_POINT('',#5255);
#1541=VERTEX_POINT('',#5259);
#1542=VERTEX_POINT('',#5260);
#1543=VERTEX_POINT('',#5262);
#1544=VERTEX_POINT('',#5264);
#1545=VERTEX_POINT('',#5266);
#1546=VERTEX_POINT('',#5268);
#1547=VERTEX_POINT('',#5270);
#1548=VERTEX_POINT('',#5272);
#1549=VERTEX_POINT('',#5274);
#1550=VERTEX_POINT('',#5277);
#1551=VERTEX_POINT('',#5281);
#1552=VERTEX_POINT('',#5282);
#1553=VERTEX_POINT('',#5284);
#1554=VERTEX_POINT('',#5286);
#1555=VERTEX_POINT('',#5289);
#1556=VERTEX_POINT('',#5292);
#1557=VERTEX_POINT('',#5293);
#1558=VERTEX_POINT('',#5296);
#1559=VERTEX_POINT('',#5298);
#1560=VERTEX_POINT('',#5302);
#1561=VERTEX_POINT('',#5303);
#1562=VERTEX_POINT('',#5307);
#1563=VERTEX_POINT('',#5308);
#1564=VERTEX_POINT('',#5310);
#1565=VERTEX_POINT('',#5312);
#1566=VERTEX_POINT('',#5316);
#1567=VERTEX_POINT('',#5318);
#1568=VERTEX_POINT('',#5321);
#1569=VERTEX_POINT('',#5322);
#1570=VERTEX_POINT('',#5324);
#1571=VERTEX_POINT('',#5326);
#1572=VERTEX_POINT('',#5332);
#1573=VERTEX_POINT('',#5333);
#1574=VERTEX_POINT('',#5340);
#1575=VERTEX_POINT('',#5342);
#1576=VERTEX_POINT('',#5346);
#1577=VERTEX_POINT('',#5348);
#1578=VERTEX_POINT('',#5360);
#1579=VERTEX_POINT('',#5361);
#1580=VERTEX_POINT('',#5363);
#1581=VERTEX_POINT('',#5365);
#1582=VERTEX_POINT('',#5372);
#1583=VERTEX_POINT('',#5373);
#1584=VERTEX_POINT('',#5375);
#1585=VERTEX_POINT('',#5377);
#1586=VERTEX_POINT('',#5381);
#1587=VERTEX_POINT('',#5383);
#1588=VERTEX_POINT('',#5385);
#1589=VERTEX_POINT('',#5388);
#1590=VERTEX_POINT('',#5390);
#1591=VERTEX_POINT('',#5392);
#1592=VERTEX_POINT('',#5405);
#1593=VERTEX_POINT('',#5406);
#1594=VERTEX_POINT('',#5408);
#1595=VERTEX_POINT('',#5410);
#1596=VERTEX_POINT('',#5414);
#1597=VERTEX_POINT('',#5416);
#1598=VERTEX_POINT('',#5420);
#1599=VERTEX_POINT('',#5422);
#1600=VERTEX_POINT('',#5426);
#1601=VERTEX_POINT('',#5428);
#1602=VERTEX_POINT('',#5432);
#1603=VERTEX_POINT('',#5435);
#1604=VERTEX_POINT('',#5442);
#1605=VERTEX_POINT('',#5444);
#1606=VERTEX_POINT('',#5448);
#1607=VERTEX_POINT('',#5450);
#1608=VERTEX_POINT('',#5454);
#1609=VERTEX_POINT('',#5456);
#1610=VERTEX_POINT('',#5458);
#1611=VERTEX_POINT('',#5460);
#1612=VERTEX_POINT('',#5462);
#1613=VERTEX_POINT('',#5464);
#1614=VERTEX_POINT('',#5468);
#1615=VERTEX_POINT('',#5469);
#1616=VERTEX_POINT('',#5507);
#1617=VERTEX_POINT('',#5508);
#1618=VERTEX_POINT('',#5510);
#1619=VERTEX_POINT('',#5512);
#1620=VERTEX_POINT('',#5516);
#1621=VERTEX_POINT('',#5518);
#1622=VERTEX_POINT('',#5522);
#1623=VERTEX_POINT('',#5524);
#1624=VERTEX_POINT('',#5528);
#1625=VERTEX_POINT('',#5530);
#1626=VERTEX_POINT('',#5534);
#1627=VERTEX_POINT('',#5537);
#1628=VERTEX_POINT('',#5544);
#1629=VERTEX_POINT('',#5546);
#1630=VERTEX_POINT('',#5550);
#1631=VERTEX_POINT('',#5552);
#1632=VERTEX_POINT('',#5556);
#1633=VERTEX_POINT('',#5558);
#1634=VERTEX_POINT('',#5560);
#1635=VERTEX_POINT('',#5562);
#1636=VERTEX_POINT('',#5564);
#1637=VERTEX_POINT('',#5566);
#1638=VERTEX_POINT('',#5570);
#1639=VERTEX_POINT('',#5571);
#1640=VERTEX_POINT('',#5625);
#1641=VERTEX_POINT('',#5627);
#1642=VERTEX_POINT('',#5639);
#1643=VERTEX_POINT('',#5649);
#1644=VERTEX_POINT('',#5653);
#1645=VERTEX_POINT('',#5662);
#1646=VERTEX_POINT('',#5665);
#1647=EDGE_CURVE('',#1347,#1348,#567,.T.);
#1648=EDGE_CURVE('',#1349,#1348,#568,.T.);
#1649=EDGE_CURVE('',#1350,#1349,#569,.T.);
#1650=EDGE_CURVE('',#1350,#1347,#570,.T.);
#1651=EDGE_CURVE('',#1351,#1352,#571,.T.);
#1652=EDGE_CURVE('',#1353,#1351,#572,.T.);
#1653=EDGE_CURVE('',#1354,#1353,#573,.T.);
#1654=EDGE_CURVE('',#1352,#1354,#574,.T.);
#1655=EDGE_CURVE('',#1348,#1355,#575,.T.);
#1656=EDGE_CURVE('',#1355,#1356,#576,.T.);
#1657=EDGE_CURVE('',#1349,#1356,#577,.T.);
#1658=EDGE_CURVE('',#1357,#1358,#578,.T.);
#1659=EDGE_CURVE('',#1358,#1359,#579,.T.);
#1660=EDGE_CURVE('',#1359,#1360,#580,.T.);
#1661=EDGE_CURVE('',#1360,#1357,#581,.T.);
#1662=EDGE_CURVE('',#1361,#1350,#582,.T.);
#1663=EDGE_CURVE('',#1361,#1362,#583,.T.);
#1664=EDGE_CURVE('',#1362,#1347,#584,.T.);
#1665=EDGE_CURVE('',#1356,#1361,#585,.T.);
#1666=EDGE_CURVE('',#1362,#1355,#586,.T.);
#1667=EDGE_CURVE('',#1353,#1363,#587,.T.);
#1668=EDGE_CURVE('',#1363,#1364,#588,.T.);
#1669=EDGE_CURVE('',#1354,#1364,#589,.T.);
#1670=EDGE_CURVE('',#1351,#1365,#590,.T.);
#1671=EDGE_CURVE('',#1365,#1363,#591,.T.);
#1672=EDGE_CURVE('',#1352,#1366,#592,.T.);
#1673=EDGE_CURVE('',#1366,#1365,#593,.T.);
#1674=EDGE_CURVE('',#1364,#1366,#594,.T.);
#1675=EDGE_CURVE('',#1367,#1368,#595,.T.);
#1676=EDGE_CURVE('',#1368,#1369,#596,.T.);
#1677=EDGE_CURVE('',#1369,#1370,#597,.T.);
#1678=EDGE_CURVE('',#1370,#1367,#598,.T.);
#1679=EDGE_CURVE('',#1357,#1362,#599,.T.);
#1680=EDGE_CURVE('',#1355,#1360,#600,.T.);
#1681=EDGE_CURVE('',#1356,#1359,#601,.T.);
#1682=EDGE_CURVE('',#1358,#1361,#602,.T.);
#1683=EDGE_CURVE('',#1363,#1370,#603,.T.);
#1684=EDGE_CURVE('',#1367,#1365,#604,.T.);
#1685=EDGE_CURVE('',#1368,#1366,#605,.T.);
#1686=EDGE_CURVE('',#1364,#1369,#606,.T.);
#1687=EDGE_CURVE('',#1371,#1372,#607,.T.);
#1688=EDGE_CURVE('',#1373,#1372,#608,.T.);
#1689=EDGE_CURVE('',#1374,#1373,#609,.T.);
#1690=EDGE_CURVE('',#1374,#1371,#610,.T.);
#1691=EDGE_CURVE('',#1375,#1376,#611,.T.);
#1692=EDGE_CURVE('',#1377,#1375,#612,.T.);
#1693=EDGE_CURVE('',#1378,#1377,#613,.T.);
#1694=EDGE_CURVE('',#1376,#1378,#614,.T.);
#1695=EDGE_CURVE('',#1372,#1379,#615,.T.);
#1696=EDGE_CURVE('',#1379,#1380,#616,.T.);
#1697=EDGE_CURVE('',#1373,#1380,#617,.T.);
#1698=EDGE_CURVE('',#1381,#1382,#618,.T.);
#1699=EDGE_CURVE('',#1382,#1383,#619,.T.);
#1700=EDGE_CURVE('',#1383,#1384,#620,.T.);
#1701=EDGE_CURVE('',#1384,#1381,#621,.T.);
#1702=EDGE_CURVE('',#1385,#1374,#622,.T.);
#1703=EDGE_CURVE('',#1385,#1386,#623,.T.);
#1704=EDGE_CURVE('',#1386,#1371,#624,.T.);
#1705=EDGE_CURVE('',#1380,#1385,#625,.T.);
#1706=EDGE_CURVE('',#1386,#1379,#626,.T.);
#1707=EDGE_CURVE('',#1377,#1387,#627,.T.);
#1708=EDGE_CURVE('',#1387,#1388,#628,.T.);
#1709=EDGE_CURVE('',#1378,#1388,#629,.T.);
#1710=EDGE_CURVE('',#1375,#1389,#630,.T.);
#1711=EDGE_CURVE('',#1389,#1387,#631,.T.);
#1712=EDGE_CURVE('',#1376,#1390,#632,.T.);
#1713=EDGE_CURVE('',#1390,#1389,#633,.T.);
#1714=EDGE_CURVE('',#1388,#1390,#634,.T.);
#1715=EDGE_CURVE('',#1391,#1392,#635,.T.);
#1716=EDGE_CURVE('',#1392,#1393,#636,.T.);
#1717=EDGE_CURVE('',#1393,#1394,#637,.T.);
#1718=EDGE_CURVE('',#1394,#1391,#638,.T.);
#1719=EDGE_CURVE('',#1381,#1379,#639,.T.);
#1720=EDGE_CURVE('',#1380,#1384,#640,.T.);
#1721=EDGE_CURVE('',#1385,#1383,#641,.T.);
#1722=EDGE_CURVE('',#1382,#1386,#642,.T.);
#1723=EDGE_CURVE('',#1387,#1394,#643,.T.);
#1724=EDGE_CURVE('',#1391,#1389,#644,.T.);
#1725=EDGE_CURVE('',#1392,#1390,#645,.T.);
#1726=EDGE_CURVE('',#1388,#1393,#646,.T.);
#1727=EDGE_CURVE('',#1395,#1395,#49,.T.);
#1728=EDGE_CURVE('',#1395,#1396,#50,.T.);
#1729=EDGE_CURVE('',#1396,#1396,#51,.T.);
#1730=EDGE_CURVE('',#1397,#1397,#52,.T.);
#1731=EDGE_CURVE('',#1397,#1398,#647,.T.);
#1732=EDGE_CURVE('',#1398,#1398,#53,.T.);
#1733=EDGE_CURVE('',#1399,#1400,#54,.T.);
#1734=EDGE_CURVE('',#1400,#1401,#55,.T.);
#1735=EDGE_CURVE('',#1401,#1402,#56,.T.);
#1736=EDGE_CURVE('',#1402,#1395,#648,.T.);
#1737=EDGE_CURVE('',#1402,#1403,#57,.T.);
#1738=EDGE_CURVE('',#1403,#1399,#58,.T.);
#1739=EDGE_CURVE('',#1404,#1399,#15,.T.);
#1740=EDGE_CURVE('',#1405,#1404,#59,.T.);
#1741=EDGE_CURVE('',#1400,#1405,#16,.T.);
#1742=EDGE_CURVE('',#1405,#1404,#649,.T.);
#1743=EDGE_CURVE('',#1406,#1407,#650,.T.);
#1744=EDGE_CURVE('',#1406,#1407,#60,.T.);
#1745=EDGE_CURVE('',#1407,#1401,#17,.T.);
#1746=EDGE_CURVE('',#1403,#1406,#18,.T.);
#1747=EDGE_CURVE('',#1400,#1399,#651,.T.);
#1748=EDGE_CURVE('',#1403,#1401,#652,.T.);
#1749=EDGE_CURVE('',#1408,#1409,#61,.T.);
#1750=EDGE_CURVE('',#1410,#1408,#19,.T.);
#1751=EDGE_CURVE('',#1411,#1410,#62,.T.);
#1752=EDGE_CURVE('',#1409,#1411,#20,.T.);
#1753=EDGE_CURVE('',#1412,#1412,#63,.T.);
#1754=EDGE_CURVE('',#1412,#1413,#64,.T.);
#1755=EDGE_CURVE('',#1413,#1413,#65,.T.);
#1756=EDGE_CURVE('',#1414,#1414,#66,.T.);
#1757=EDGE_CURVE('',#1414,#1415,#653,.T.);
#1758=EDGE_CURVE('',#1415,#1415,#67,.T.);
#1759=EDGE_CURVE('',#1409,#1416,#68,.T.);
#1760=EDGE_CURVE('',#1416,#1417,#69,.T.);
#1761=EDGE_CURVE('',#1417,#1412,#654,.T.);
#1762=EDGE_CURVE('',#1417,#1418,#70,.T.);
#1763=EDGE_CURVE('',#1418,#1408,#71,.T.);
#1764=EDGE_CURVE('',#1411,#1410,#655,.T.);
#1765=EDGE_CURVE('',#1419,#1420,#656,.T.);
#1766=EDGE_CURVE('',#1419,#1420,#72,.T.);
#1767=EDGE_CURVE('',#1409,#1408,#657,.T.);
#1768=EDGE_CURVE('',#1420,#1416,#21,.T.);
#1769=EDGE_CURVE('',#1418,#1416,#658,.T.);
#1770=EDGE_CURVE('',#1418,#1419,#22,.T.);
#1771=EDGE_CURVE('',#1421,#1422,#73,.T.);
#1772=EDGE_CURVE('',#1421,#1423,#659,.T.);
#1773=EDGE_CURVE('',#1423,#1424,#74,.T.);
#1774=EDGE_CURVE('',#1422,#1424,#660,.T.);
#1775=EDGE_CURVE('',#1425,#1426,#75,.T.);
#1776=EDGE_CURVE('',#1426,#1427,#661,.T.);
#1777=EDGE_CURVE('',#1428,#1427,#76,.T.);
#1778=EDGE_CURVE('',#1425,#1428,#662,.T.);
#1779=EDGE_CURVE('',#1429,#1430,#77,.T.);
#1780=EDGE_CURVE('',#1431,#1429,#78,.T.);
#1781=EDGE_CURVE('',#1431,#1432,#663,.T.);
#1782=EDGE_CURVE('',#1432,#1433,#79,.T.);
#1783=EDGE_CURVE('',#1430,#1433,#664,.T.);
#1784=EDGE_CURVE('',#1434,#1435,#80,.T.);
#1785=EDGE_CURVE('',#1435,#1436,#665,.T.);
#1786=EDGE_CURVE('',#1437,#1436,#81,.T.);
#1787=EDGE_CURVE('',#1434,#1437,#666,.T.);
#1788=EDGE_CURVE('',#1438,#1439,#82,.T.);
#1789=EDGE_CURVE('',#1439,#1438,#83,.T.);
#1790=EDGE_CURVE('',#1439,#1440,#667,.T.);
#1791=EDGE_CURVE('',#1440,#1440,#84,.T.);
#1792=EDGE_CURVE('',#1441,#1442,#85,.T.);
#1793=EDGE_CURVE('',#1442,#1441,#86,.T.);
#1794=EDGE_CURVE('',#1442,#1443,#668,.T.);
#1795=EDGE_CURVE('',#1443,#1443,#87,.T.);
#1796=EDGE_CURVE('',#1441,#1444,#669,.T.);
#1797=EDGE_CURVE('',#1444,#1444,#88,.T.);
#1798=EDGE_CURVE('',#1438,#1445,#670,.T.);
#1799=EDGE_CURVE('',#1445,#1445,#89,.T.);
#1800=EDGE_CURVE('',#1446,#1446,#90,.T.);
#1801=EDGE_CURVE('',#1446,#1447,#671,.T.);
#1802=EDGE_CURVE('',#1447,#1448,#91,.T.);
#1803=EDGE_CURVE('',#1448,#1449,#92,.T.);
#1804=EDGE_CURVE('',#1449,#1447,#93,.T.);
#1805=EDGE_CURVE('',#1450,#1450,#94,.T.);
#1806=EDGE_CURVE('',#1450,#1451,#672,.T.);
#1807=EDGE_CURVE('',#1451,#1451,#95,.T.);
#1808=EDGE_CURVE('',#1452,#1452,#96,.T.);
#1809=EDGE_CURVE('',#1452,#1453,#673,.T.);
#1810=EDGE_CURVE('',#1453,#1454,#97,.T.);
#1811=EDGE_CURVE('',#1454,#1455,#98,.T.);
#1812=EDGE_CURVE('',#1455,#1453,#99,.T.);
#1813=EDGE_CURVE('',#1456,#1456,#100,.T.);
#1814=EDGE_CURVE('',#1456,#1457,#674,.T.);
#1815=EDGE_CURVE('',#1457,#1457,#101,.T.);
#1816=EDGE_CURVE('',#1458,#1458,#102,.T.);
#1817=EDGE_CURVE('',#1458,#1459,#675,.T.);
#1818=EDGE_CURVE('',#1459,#1459,#103,.T.);
#1819=EDGE_CURVE('',#1460,#1460,#104,.T.);
#1820=EDGE_CURVE('',#1460,#1461,#676,.T.);
#1821=EDGE_CURVE('',#1461,#1461,#105,.T.);
#1822=EDGE_CURVE('',#1462,#1462,#106,.T.);
#1823=EDGE_CURVE('',#1462,#1463,#677,.T.);
#1824=EDGE_CURVE('',#1463,#1463,#107,.T.);
#1825=EDGE_CURVE('',#1464,#1464,#108,.T.);
#1826=EDGE_CURVE('',#1464,#1465,#678,.T.);
#1827=EDGE_CURVE('',#1465,#1465,#109,.T.);
#1828=EDGE_CURVE('',#1466,#1467,#679,.T.);
#1829=EDGE_CURVE('',#1466,#1468,#680,.T.);
#1830=EDGE_CURVE('',#1468,#1469,#681,.T.);
#1831=EDGE_CURVE('',#1469,#1470,#682,.T.);
#1832=EDGE_CURVE('',#1471,#1470,#683,.T.);
#1833=EDGE_CURVE('',#1472,#1471,#684,.T.);
#1834=EDGE_CURVE('',#1473,#1472,#685,.T.);
#1835=EDGE_CURVE('',#1474,#1473,#686,.T.);
#1836=EDGE_CURVE('',#1475,#1474,#687,.T.);
#1837=EDGE_CURVE('',#1475,#1476,#688,.T.);
#1838=EDGE_CURVE('',#1477,#1476,#689,.T.);
#1839=EDGE_CURVE('',#1478,#1477,#690,.T.);
#1840=EDGE_CURVE('',#1478,#1479,#691,.T.);
#1841=EDGE_CURVE('',#1479,#1467,#692,.T.);
#1842=EDGE_CURVE('',#1480,#1481,#693,.T.);
#1843=EDGE_CURVE('',#1482,#1481,#694,.T.);
#1844=EDGE_CURVE('',#1483,#1482,#695,.T.);
#1845=EDGE_CURVE('',#1483,#1484,#696,.T.);
#1846=EDGE_CURVE('',#1484,#1485,#697,.T.);
#1847=EDGE_CURVE('',#1486,#1485,#698,.T.);
#1848=EDGE_CURVE('',#1486,#1487,#699,.T.);
#1849=EDGE_CURVE('',#1488,#1487,#700,.T.);
#1850=EDGE_CURVE('',#1489,#1488,#701,.T.);
#1851=EDGE_CURVE('',#1489,#1490,#702,.T.);
#1852=EDGE_CURVE('',#1490,#1491,#703,.T.);
#1853=EDGE_CURVE('',#1492,#1491,#704,.T.);
#1854=EDGE_CURVE('',#1492,#1493,#705,.T.);
#1855=EDGE_CURVE('',#1493,#1480,#706,.T.);
#1856=EDGE_CURVE('',#1494,#1495,#707,.T.);
#1857=EDGE_CURVE('',#1496,#1494,#708,.T.);
#1858=EDGE_CURVE('',#1497,#1496,#709,.T.);
#1859=EDGE_CURVE('',#1495,#1497,#710,.T.);
#1860=EDGE_CURVE('',#1498,#1499,#711,.T.);
#1861=EDGE_CURVE('',#1500,#1499,#712,.T.);
#1862=EDGE_CURVE('',#1500,#1501,#713,.T.);
#1863=EDGE_CURVE('',#1498,#1501,#714,.T.);
#1864=EDGE_CURVE('',#1502,#1431,#715,.T.);
#1865=EDGE_CURVE('',#1429,#1503,#716,.T.);
#1866=EDGE_CURVE('',#1503,#1504,#717,.T.);
#1867=EDGE_CURVE('',#1505,#1504,#718,.T.);
#1868=EDGE_CURVE('',#1505,#1506,#719,.T.);
#1869=EDGE_CURVE('',#1507,#1506,#720,.T.);
#1870=EDGE_CURVE('',#1507,#1508,#721,.T.);
#1871=EDGE_CURVE('',#1508,#1509,#722,.T.);
#1872=EDGE_CURVE('',#1509,#1502,#110,.T.);
#1873=EDGE_CURVE('',#1510,#1511,#723,.T.);
#1874=EDGE_CURVE('',#1510,#1458,#724,.T.);
#1875=EDGE_CURVE('',#1458,#1512,#725,.T.);
#1876=EDGE_CURVE('',#1512,#1513,#726,.T.);
#1877=EDGE_CURVE('',#1511,#1513,#727,.T.);
#1878=EDGE_CURVE('',#1504,#1478,#728,.T.);
#1879=EDGE_CURVE('',#1504,#1514,#729,.T.);
#1880=EDGE_CURVE('',#1514,#1515,#730,.T.);
#1881=EDGE_CURVE('',#1515,#1516,#731,.T.);
#1882=EDGE_CURVE('',#1516,#1479,#732,.T.);
#1883=EDGE_CURVE('',#1517,#1518,#733,.T.);
#1884=EDGE_CURVE('',#1518,#1505,#734,.T.);
#1885=EDGE_CURVE('',#1519,#1505,#735,.T.);
#1886=EDGE_CURVE('',#1519,#1520,#736,.T.);
#1887=EDGE_CURVE('',#1520,#1521,#737,.T.);
#1888=EDGE_CURVE('',#1521,#1522,#738,.T.);
#1889=EDGE_CURVE('',#1522,#1523,#739,.T.);
#1890=EDGE_CURVE('',#1523,#1517,#740,.T.);
#1891=EDGE_CURVE('',#1481,#1423,#741,.T.);
#1892=EDGE_CURVE('',#1470,#1480,#742,.T.);
#1893=EDGE_CURVE('',#1469,#1428,#743,.T.);
#1894=EDGE_CURVE('',#1427,#1524,#744,.T.);
#1895=EDGE_CURVE('',#1524,#1525,#111,.T.);
#1896=EDGE_CURVE('',#1525,#1467,#745,.T.);
#1897=EDGE_CURVE('',#1516,#1526,#746,.T.);
#1898=EDGE_CURVE('',#1527,#1526,#747,.T.);
#1899=EDGE_CURVE('',#1528,#1527,#748,.T.);
#1900=EDGE_CURVE('',#1528,#1494,#749,.T.);
#1901=EDGE_CURVE('',#1529,#1495,#750,.T.);
#1902=EDGE_CURVE('',#1530,#1529,#751,.T.);
#1903=EDGE_CURVE('',#1530,#1531,#752,.T.);
#1904=EDGE_CURVE('',#1531,#1523,#753,.T.);
#1905=EDGE_CURVE('',#1522,#1532,#754,.T.);
#1906=EDGE_CURVE('',#1533,#1532,#755,.T.);
#1907=EDGE_CURVE('',#1534,#1533,#756,.T.);
#1908=EDGE_CURVE('',#1534,#1499,#757,.T.);
#1909=EDGE_CURVE('',#1535,#1498,#758,.T.);
#1910=EDGE_CURVE('',#1536,#1535,#759,.T.);
#1911=EDGE_CURVE('',#1536,#1537,#760,.T.);
#1912=EDGE_CURVE('',#1537,#1538,#761,.T.);
#1913=EDGE_CURVE('',#1485,#1538,#762,.T.);
#1914=EDGE_CURVE('',#1539,#1484,#763,.T.);
#1915=EDGE_CURVE('',#1540,#1539,#112,.T.);
#1916=EDGE_CURVE('',#1424,#1540,#764,.T.);
#1917=EDGE_CURVE('',#1541,#1542,#765,.T.);
#1918=EDGE_CURVE('',#1542,#1543,#766,.T.);
#1919=EDGE_CURVE('',#1544,#1543,#767,.T.);
#1920=EDGE_CURVE('',#1544,#1545,#768,.T.);
#1921=EDGE_CURVE('',#1545,#1546,#769,.T.);
#1922=EDGE_CURVE('',#1546,#1547,#770,.T.);
#1923=EDGE_CURVE('',#1548,#1547,#771,.T.);
#1924=EDGE_CURVE('',#1549,#1548,#772,.T.);
#1925=EDGE_CURVE('',#1549,#1497,#773,.T.);
#1926=EDGE_CURVE('',#1550,#1496,#774,.T.);
#1927=EDGE_CURVE('',#1541,#1550,#775,.T.);
#1928=EDGE_CURVE('',#1551,#1552,#776,.T.);
#1929=EDGE_CURVE('',#1553,#1551,#777,.T.);
#1930=EDGE_CURVE('',#1553,#1554,#778,.T.);
#1931=EDGE_CURVE('',#1554,#1519,#779,.T.);
#1932=EDGE_CURVE('',#1555,#1519,#780,.T.);
#1933=EDGE_CURVE('',#1555,#1552,#781,.T.);
#1934=EDGE_CURVE('',#1556,#1557,#782,.T.);
#1935=EDGE_CURVE('',#1556,#1460,#783,.T.);
#1936=EDGE_CURVE('',#1460,#1558,#784,.T.);
#1937=EDGE_CURVE('',#1558,#1559,#785,.T.);
#1938=EDGE_CURVE('',#1557,#1559,#786,.T.);
#1939=EDGE_CURVE('',#1560,#1561,#787,.T.);
#1940=EDGE_CURVE('',#1561,#1554,#788,.T.);
#1941=EDGE_CURVE('',#1560,#1553,#789,.T.);
#1942=EDGE_CURVE('',#1562,#1563,#790,.T.);
#1943=EDGE_CURVE('',#1564,#1562,#791,.T.);
#1944=EDGE_CURVE('',#1565,#1564,#792,.T.);
#1945=EDGE_CURVE('',#1563,#1565,#793,.T.);
#1946=EDGE_CURVE('',#1552,#1566,#794,.T.);
#1947=EDGE_CURVE('',#1567,#1566,#795,.T.);
#1948=EDGE_CURVE('',#1551,#1567,#796,.T.);
#1949=EDGE_CURVE('',#1568,#1569,#797,.T.);
#1950=EDGE_CURVE('',#1569,#1570,#798,.T.);
#1951=EDGE_CURVE('',#1570,#1571,#799,.T.);
#1952=EDGE_CURVE('',#1571,#1568,#800,.T.);
#1953=EDGE_CURVE('',#1493,#1471,#801,.T.);
#1954=EDGE_CURVE('',#1572,#1573,#802,.T.);
#1955=EDGE_CURVE('',#1573,#1555,#803,.T.);
#1956=EDGE_CURVE('',#1486,#1555,#804,.T.);
#1957=EDGE_CURVE('',#1538,#1572,#805,.T.);
#1958=EDGE_CURVE('',#1433,#1476,#806,.T.);
#1959=EDGE_CURVE('',#1574,#1432,#807,.T.);
#1960=EDGE_CURVE('',#1575,#1574,#113,.T.);
#1961=EDGE_CURVE('',#1473,#1575,#808,.T.);
#1962=EDGE_CURVE('',#1492,#1472,#809,.T.);
#1963=EDGE_CURVE('',#1491,#1576,#810,.T.);
#1964=EDGE_CURVE('',#1576,#1577,#114,.T.);
#1965=EDGE_CURVE('',#1577,#1437,#811,.T.);
#1966=EDGE_CURVE('',#1436,#1488,#812,.T.);
#1967=EDGE_CURVE('',#1487,#1477,#813,.T.);
#1968=EDGE_CURVE('',#1506,#1546,#814,.T.);
#1969=EDGE_CURVE('',#1545,#1507,#815,.T.);
#1970=EDGE_CURVE('',#1578,#1579,#816,.T.);
#1971=EDGE_CURVE('',#1579,#1580,#817,.T.);
#1972=EDGE_CURVE('',#1580,#1581,#818,.T.);
#1973=EDGE_CURVE('',#1581,#1578,#819,.T.);
#1974=EDGE_CURVE('',#1543,#1503,#820,.T.);
#1975=EDGE_CURVE('',#1509,#1429,#821,.T.);
#1976=EDGE_CURVE('',#1508,#1544,#822,.T.);
#1977=EDGE_CURVE('',#1582,#1583,#823,.T.);
#1978=EDGE_CURVE('',#1584,#1582,#824,.T.);
#1979=EDGE_CURVE('',#1585,#1584,#825,.T.);
#1980=EDGE_CURVE('',#1583,#1585,#826,.T.);
#1981=EDGE_CURVE('',#1566,#1586,#827,.T.);
#1982=EDGE_CURVE('',#1587,#1586,#828,.T.);
#1983=EDGE_CURVE('',#1588,#1587,#829,.T.);
#1984=EDGE_CURVE('',#1588,#1501,#830,.T.);
#1985=EDGE_CURVE('',#1589,#1500,#831,.T.);
#1986=EDGE_CURVE('',#1590,#1589,#832,.T.);
#1987=EDGE_CURVE('',#1590,#1591,#833,.T.);
#1988=EDGE_CURVE('',#1591,#1561,#834,.T.);
#1989=EDGE_CURVE('',#1567,#1560,#835,.T.);
#1990=EDGE_CURVE('',#1569,#1563,#836,.T.);
#1991=EDGE_CURVE('',#1568,#1562,#837,.T.);
#1992=EDGE_CURVE('',#1570,#1565,#838,.T.);
#1993=EDGE_CURVE('',#1571,#1564,#839,.T.);
#1994=EDGE_CURVE('',#1592,#1593,#840,.T.);
#1995=EDGE_CURVE('',#1592,#1594,#841,.T.);
#1996=EDGE_CURVE('',#1595,#1594,#842,.T.);
#1997=EDGE_CURVE('',#1593,#1595,#843,.T.);
#1998=EDGE_CURVE('',#1596,#1595,#115,.T.);
#1999=EDGE_CURVE('',#1597,#1596,#844,.T.);
#2000=EDGE_CURVE('',#1593,#1597,#116,.T.);
#2001=EDGE_CURVE('',#1598,#1596,#845,.T.);
#2002=EDGE_CURVE('',#1599,#1598,#846,.T.);
#2003=EDGE_CURVE('',#1597,#1599,#847,.T.);
#2004=EDGE_CURVE('',#1600,#1598,#117,.T.);
#2005=EDGE_CURVE('',#1601,#1600,#848,.T.);
#2006=EDGE_CURVE('',#1601,#1599,#118,.T.);
#2007=EDGE_CURVE('',#1602,#1454,#849,.T.);
#2008=EDGE_CURVE('',#1602,#1601,#850,.T.);
#2009=EDGE_CURVE('',#1603,#1600,#851,.T.);
#2010=EDGE_CURVE('',#1455,#1603,#852,.T.);
#2011=EDGE_CURVE('',#1558,#1603,#853,.T.);
#2012=EDGE_CURVE('',#1556,#1602,#854,.T.);
#2013=EDGE_CURVE('',#1559,#1604,#855,.T.);
#2014=EDGE_CURVE('',#1605,#1604,#856,.T.);
#2015=EDGE_CURVE('',#1557,#1605,#857,.T.);
#2016=EDGE_CURVE('',#1604,#1606,#858,.T.);
#2017=EDGE_CURVE('',#1607,#1606,#859,.T.);
#2018=EDGE_CURVE('',#1605,#1607,#860,.T.);
#2019=EDGE_CURVE('',#1606,#1608,#861,.T.);
#2020=EDGE_CURVE('',#1608,#1609,#862,.T.);
#2021=EDGE_CURVE('',#1609,#1610,#863,.T.);
#2022=EDGE_CURVE('',#1611,#1610,#864,.T.);
#2023=EDGE_CURVE('',#1611,#1612,#865,.T.);
#2024=EDGE_CURVE('',#1612,#1613,#866,.T.);
#2025=EDGE_CURVE('',#1607,#1613,#867,.T.);
#2026=EDGE_CURVE('',#1614,#1615,#868,.T.);
#2027=EDGE_CURVE('',#1614,#1611,#869,.T.);
#2028=EDGE_CURVE('',#1610,#1615,#870,.T.);
#2029=EDGE_CURVE('',#1592,#1614,#871,.T.);
#2030=EDGE_CURVE('',#1615,#1594,#872,.T.);
#2031=EDGE_CURVE('',#1613,#1599,#873,.T.);
#2032=EDGE_CURVE('',#1608,#1598,#874,.T.);
#2033=EDGE_CURVE('',#1584,#1579,#875,.T.);
#2034=EDGE_CURVE('',#1582,#1580,#876,.T.);
#2035=EDGE_CURVE('',#1585,#1578,#877,.T.);
#2036=EDGE_CURVE('',#1583,#1581,#878,.T.);
#2037=EDGE_CURVE('',#1532,#1591,#879,.T.);
#2038=EDGE_CURVE('',#1533,#1590,#880,.T.);
#2039=EDGE_CURVE('',#1586,#1537,#881,.T.);
#2040=EDGE_CURVE('',#1587,#1536,#882,.T.);
#2041=EDGE_CURVE('',#1526,#1542,#883,.T.);
#2042=EDGE_CURVE('',#1527,#1541,#884,.T.);
#2043=EDGE_CURVE('',#1547,#1531,#885,.T.);
#2044=EDGE_CURVE('',#1548,#1530,#886,.T.);
#2045=EDGE_CURVE('',#1609,#1596,#887,.T.);
#2046=EDGE_CURVE('',#1612,#1597,#888,.T.);
#2047=EDGE_CURVE('',#1616,#1617,#889,.T.);
#2048=EDGE_CURVE('',#1616,#1618,#890,.T.);
#2049=EDGE_CURVE('',#1619,#1618,#891,.T.);
#2050=EDGE_CURVE('',#1617,#1619,#892,.T.);
#2051=EDGE_CURVE('',#1620,#1619,#119,.T.);
#2052=EDGE_CURVE('',#1621,#1620,#893,.T.);
#2053=EDGE_CURVE('',#1617,#1621,#120,.T.);
#2054=EDGE_CURVE('',#1622,#1620,#894,.T.);
#2055=EDGE_CURVE('',#1623,#1622,#895,.T.);
#2056=EDGE_CURVE('',#1621,#1623,#896,.T.);
#2057=EDGE_CURVE('',#1624,#1622,#121,.T.);
#2058=EDGE_CURVE('',#1625,#1624,#897,.T.);
#2059=EDGE_CURVE('',#1625,#1623,#122,.T.);
#2060=EDGE_CURVE('',#1626,#1448,#898,.T.);
#2061=EDGE_CURVE('',#1626,#1625,#899,.T.);
#2062=EDGE_CURVE('',#1627,#1624,#900,.T.);
#2063=EDGE_CURVE('',#1449,#1627,#901,.T.);
#2064=EDGE_CURVE('',#1512,#1627,#902,.T.);
#2065=EDGE_CURVE('',#1510,#1626,#903,.T.);
#2066=EDGE_CURVE('',#1513,#1628,#904,.T.);
#2067=EDGE_CURVE('',#1629,#1628,#905,.T.);
#2068=EDGE_CURVE('',#1511,#1629,#906,.T.);
#2069=EDGE_CURVE('',#1628,#1630,#907,.T.);
#2070=EDGE_CURVE('',#1631,#1630,#908,.T.);
#2071=EDGE_CURVE('',#1629,#1631,#909,.T.);
#2072=EDGE_CURVE('',#1630,#1632,#910,.T.);
#2073=EDGE_CURVE('',#1632,#1633,#911,.T.);
#2074=EDGE_CURVE('',#1633,#1634,#912,.T.);
#2075=EDGE_CURVE('',#1635,#1634,#913,.T.);
#2076=EDGE_CURVE('',#1635,#1636,#914,.T.);
#2077=EDGE_CURVE('',#1636,#1637,#915,.T.);
#2078=EDGE_CURVE('',#1631,#1637,#916,.T.);
#2079=EDGE_CURVE('',#1638,#1639,#917,.T.);
#2080=EDGE_CURVE('',#1638,#1635,#918,.T.);
#2081=EDGE_CURVE('',#1634,#1639,#919,.T.);
#2082=EDGE_CURVE('',#1616,#1638,#920,.T.);
#2083=EDGE_CURVE('',#1639,#1618,#921,.T.);
#2084=EDGE_CURVE('',#1637,#1623,#922,.T.);
#2085=EDGE_CURVE('',#1632,#1622,#923,.T.);
#2086=EDGE_CURVE('',#1633,#1620,#924,.T.);
#2087=EDGE_CURVE('',#1636,#1621,#925,.T.);
#2088=EDGE_CURVE('',#1535,#1588,#926,.T.);
#2089=EDGE_CURVE('',#1589,#1534,#927,.T.);
#2090=EDGE_CURVE('',#1529,#1549,#928,.T.);
#2091=EDGE_CURVE('',#1550,#1528,#929,.T.);
#2092=EDGE_CURVE('',#1542,#1515,#930,.T.);
#2093=EDGE_CURVE('',#1543,#1514,#931,.T.);
#2094=EDGE_CURVE('',#1517,#1547,#932,.T.);
#2095=EDGE_CURVE('',#1518,#1546,#933,.T.);
#2096=EDGE_CURVE('',#1572,#1586,#934,.T.);
#2097=EDGE_CURVE('',#1573,#1566,#935,.T.);
#2098=EDGE_CURVE('',#1591,#1521,#936,.T.);
#2099=EDGE_CURVE('',#1561,#1520,#937,.T.);
#2100=EDGE_CURVE('',#1640,#1576,#938,.T.);
#2101=EDGE_CURVE('',#1640,#1641,#123,.T.);
#2102=EDGE_CURVE('',#1641,#1577,#939,.T.);
#2103=EDGE_CURVE('',#1490,#1640,#940,.T.);
#2104=EDGE_CURVE('',#1435,#1489,#941,.T.);
#2105=EDGE_CURVE('',#1641,#1434,#942,.T.);
#2106=EDGE_CURVE('',#1430,#1475,#943,.T.);
#2107=EDGE_CURVE('',#1474,#1642,#944,.T.);
#2108=EDGE_CURVE('',#1642,#1509,#124,.T.);
#2109=EDGE_CURVE('',#1502,#1574,#945,.T.);
#2110=EDGE_CURVE('',#1642,#1575,#946,.T.);
#2111=EDGE_CURVE('',#1643,#1525,#947,.T.);
#2112=EDGE_CURVE('',#1643,#1466,#948,.T.);
#2113=EDGE_CURVE('',#1644,#1524,#949,.T.);
#2114=EDGE_CURVE('',#1644,#1643,#125,.T.);
#2115=EDGE_CURVE('',#1426,#1644,#950,.T.);
#2116=EDGE_CURVE('',#1468,#1425,#951,.T.);
#2117=EDGE_CURVE('',#1645,#1483,#952,.T.);
#2118=EDGE_CURVE('',#1482,#1421,#953,.T.);
#2119=EDGE_CURVE('',#1422,#1646,#954,.T.);
#2120=EDGE_CURVE('',#1646,#1645,#126,.T.);
#2121=EDGE_CURVE('',#1646,#1540,#955,.T.);
#2122=EDGE_CURVE('',#1645,#1539,#956,.T.);
#2123=ORIENTED_EDGE('',*,*,#1647,.T.);
#2124=ORIENTED_EDGE('',*,*,#1648,.F.);
#2125=ORIENTED_EDGE('',*,*,#1649,.F.);
#2126=ORIENTED_EDGE('',*,*,#1650,.T.);
#2127=ORIENTED_EDGE('',*,*,#1651,.F.);
#2128=ORIENTED_EDGE('',*,*,#1652,.F.);
#2129=ORIENTED_EDGE('',*,*,#1653,.F.);
#2130=ORIENTED_EDGE('',*,*,#1654,.F.);
#2131=ORIENTED_EDGE('',*,*,#1655,.T.);
#2132=ORIENTED_EDGE('',*,*,#1656,.T.);
#2133=ORIENTED_EDGE('',*,*,#1657,.F.);
#2134=ORIENTED_EDGE('',*,*,#1648,.T.);
#2135=ORIENTED_EDGE('',*,*,#1658,.T.);
#2136=ORIENTED_EDGE('',*,*,#1659,.T.);
#2137=ORIENTED_EDGE('',*,*,#1660,.T.);
#2138=ORIENTED_EDGE('',*,*,#1661,.T.);
#2139=ORIENTED_EDGE('',*,*,#1662,.F.);
#2140=ORIENTED_EDGE('',*,*,#1663,.T.);
#2141=ORIENTED_EDGE('',*,*,#1664,.T.);
#2142=ORIENTED_EDGE('',*,*,#1650,.F.);
#2143=ORIENTED_EDGE('',*,*,#1657,.T.);
#2144=ORIENTED_EDGE('',*,*,#1665,.T.);
#2145=ORIENTED_EDGE('',*,*,#1662,.T.);
#2146=ORIENTED_EDGE('',*,*,#1649,.T.);
#2147=ORIENTED_EDGE('',*,*,#1664,.F.);
#2148=ORIENTED_EDGE('',*,*,#1666,.T.);
#2149=ORIENTED_EDGE('',*,*,#1655,.F.);
#2150=ORIENTED_EDGE('',*,*,#1647,.F.);
#2151=ORIENTED_EDGE('',*,*,#1667,.T.);
#2152=ORIENTED_EDGE('',*,*,#1668,.T.);
#2153=ORIENTED_EDGE('',*,*,#1669,.F.);
#2154=ORIENTED_EDGE('',*,*,#1653,.T.);
#2155=ORIENTED_EDGE('',*,*,#1670,.T.);
#2156=ORIENTED_EDGE('',*,*,#1671,.T.);
#2157=ORIENTED_EDGE('',*,*,#1667,.F.);
#2158=ORIENTED_EDGE('',*,*,#1652,.T.);
#2159=ORIENTED_EDGE('',*,*,#1672,.T.);
#2160=ORIENTED_EDGE('',*,*,#1673,.T.);
#2161=ORIENTED_EDGE('',*,*,#1670,.F.);
#2162=ORIENTED_EDGE('',*,*,#1651,.T.);
#2163=ORIENTED_EDGE('',*,*,#1669,.T.);
#2164=ORIENTED_EDGE('',*,*,#1674,.T.);
#2165=ORIENTED_EDGE('',*,*,#1672,.F.);
#2166=ORIENTED_EDGE('',*,*,#1654,.T.);
#2167=ORIENTED_EDGE('',*,*,#1675,.T.);
#2168=ORIENTED_EDGE('',*,*,#1676,.T.);
#2169=ORIENTED_EDGE('',*,*,#1677,.T.);
#2170=ORIENTED_EDGE('',*,*,#1678,.T.);
#2171=ORIENTED_EDGE('',*,*,#1679,.F.);
#2172=ORIENTED_EDGE('',*,*,#1661,.F.);
#2173=ORIENTED_EDGE('',*,*,#1680,.F.);
#2174=ORIENTED_EDGE('',*,*,#1666,.F.);
#2175=ORIENTED_EDGE('',*,*,#1680,.T.);
#2176=ORIENTED_EDGE('',*,*,#1660,.F.);
#2177=ORIENTED_EDGE('',*,*,#1681,.F.);
#2178=ORIENTED_EDGE('',*,*,#1656,.F.);
#2179=ORIENTED_EDGE('',*,*,#1679,.T.);
#2180=ORIENTED_EDGE('',*,*,#1663,.F.);
#2181=ORIENTED_EDGE('',*,*,#1682,.F.);
#2182=ORIENTED_EDGE('',*,*,#1658,.F.);
#2183=ORIENTED_EDGE('',*,*,#1681,.T.);
#2184=ORIENTED_EDGE('',*,*,#1659,.F.);
#2185=ORIENTED_EDGE('',*,*,#1682,.T.);
#2186=ORIENTED_EDGE('',*,*,#1665,.F.);
#2187=ORIENTED_EDGE('',*,*,#1683,.F.);
#2188=ORIENTED_EDGE('',*,*,#1671,.F.);
#2189=ORIENTED_EDGE('',*,*,#1684,.F.);
#2190=ORIENTED_EDGE('',*,*,#1678,.F.);
#2191=ORIENTED_EDGE('',*,*,#1684,.T.);
#2192=ORIENTED_EDGE('',*,*,#1673,.F.);
#2193=ORIENTED_EDGE('',*,*,#1685,.F.);
#2194=ORIENTED_EDGE('',*,*,#1675,.F.);
#2195=ORIENTED_EDGE('',*,*,#1683,.T.);
#2196=ORIENTED_EDGE('',*,*,#1677,.F.);
#2197=ORIENTED_EDGE('',*,*,#1686,.F.);
#2198=ORIENTED_EDGE('',*,*,#1668,.F.);
#2199=ORIENTED_EDGE('',*,*,#1685,.T.);
#2200=ORIENTED_EDGE('',*,*,#1674,.F.);
#2201=ORIENTED_EDGE('',*,*,#1686,.T.);
#2202=ORIENTED_EDGE('',*,*,#1676,.F.);
#2203=ORIENTED_EDGE('',*,*,#1687,.T.);
#2204=ORIENTED_EDGE('',*,*,#1688,.F.);
#2205=ORIENTED_EDGE('',*,*,#1689,.F.);
#2206=ORIENTED_EDGE('',*,*,#1690,.T.);
#2207=ORIENTED_EDGE('',*,*,#1691,.F.);
#2208=ORIENTED_EDGE('',*,*,#1692,.F.);
#2209=ORIENTED_EDGE('',*,*,#1693,.F.);
#2210=ORIENTED_EDGE('',*,*,#1694,.F.);
#2211=ORIENTED_EDGE('',*,*,#1695,.T.);
#2212=ORIENTED_EDGE('',*,*,#1696,.T.);
#2213=ORIENTED_EDGE('',*,*,#1697,.F.);
#2214=ORIENTED_EDGE('',*,*,#1688,.T.);
#2215=ORIENTED_EDGE('',*,*,#1698,.T.);
#2216=ORIENTED_EDGE('',*,*,#1699,.T.);
#2217=ORIENTED_EDGE('',*,*,#1700,.T.);
#2218=ORIENTED_EDGE('',*,*,#1701,.T.);
#2219=ORIENTED_EDGE('',*,*,#1702,.F.);
#2220=ORIENTED_EDGE('',*,*,#1703,.T.);
#2221=ORIENTED_EDGE('',*,*,#1704,.T.);
#2222=ORIENTED_EDGE('',*,*,#1690,.F.);
#2223=ORIENTED_EDGE('',*,*,#1697,.T.);
#2224=ORIENTED_EDGE('',*,*,#1705,.T.);
#2225=ORIENTED_EDGE('',*,*,#1702,.T.);
#2226=ORIENTED_EDGE('',*,*,#1689,.T.);
#2227=ORIENTED_EDGE('',*,*,#1704,.F.);
#2228=ORIENTED_EDGE('',*,*,#1706,.T.);
#2229=ORIENTED_EDGE('',*,*,#1695,.F.);
#2230=ORIENTED_EDGE('',*,*,#1687,.F.);
#2231=ORIENTED_EDGE('',*,*,#1707,.T.);
#2232=ORIENTED_EDGE('',*,*,#1708,.T.);
#2233=ORIENTED_EDGE('',*,*,#1709,.F.);
#2234=ORIENTED_EDGE('',*,*,#1693,.T.);
#2235=ORIENTED_EDGE('',*,*,#1710,.T.);
#2236=ORIENTED_EDGE('',*,*,#1711,.T.);
#2237=ORIENTED_EDGE('',*,*,#1707,.F.);
#2238=ORIENTED_EDGE('',*,*,#1692,.T.);
#2239=ORIENTED_EDGE('',*,*,#1712,.T.);
#2240=ORIENTED_EDGE('',*,*,#1713,.T.);
#2241=ORIENTED_EDGE('',*,*,#1710,.F.);
#2242=ORIENTED_EDGE('',*,*,#1691,.T.);
#2243=ORIENTED_EDGE('',*,*,#1709,.T.);
#2244=ORIENTED_EDGE('',*,*,#1714,.T.);
#2245=ORIENTED_EDGE('',*,*,#1712,.F.);
#2246=ORIENTED_EDGE('',*,*,#1694,.T.);
#2247=ORIENTED_EDGE('',*,*,#1715,.T.);
#2248=ORIENTED_EDGE('',*,*,#1716,.T.);
#2249=ORIENTED_EDGE('',*,*,#1717,.T.);
#2250=ORIENTED_EDGE('',*,*,#1718,.T.);
#2251=ORIENTED_EDGE('',*,*,#1719,.F.);
#2252=ORIENTED_EDGE('',*,*,#1701,.F.);
#2253=ORIENTED_EDGE('',*,*,#1720,.F.);
#2254=ORIENTED_EDGE('',*,*,#1696,.F.);
#2255=ORIENTED_EDGE('',*,*,#1720,.T.);
#2256=ORIENTED_EDGE('',*,*,#1700,.F.);
#2257=ORIENTED_EDGE('',*,*,#1721,.F.);
#2258=ORIENTED_EDGE('',*,*,#1705,.F.);
#2259=ORIENTED_EDGE('',*,*,#1719,.T.);
#2260=ORIENTED_EDGE('',*,*,#1706,.F.);
#2261=ORIENTED_EDGE('',*,*,#1722,.F.);
#2262=ORIENTED_EDGE('',*,*,#1698,.F.);
#2263=ORIENTED_EDGE('',*,*,#1721,.T.);
#2264=ORIENTED_EDGE('',*,*,#1699,.F.);
#2265=ORIENTED_EDGE('',*,*,#1722,.T.);
#2266=ORIENTED_EDGE('',*,*,#1703,.F.);
#2267=ORIENTED_EDGE('',*,*,#1723,.F.);
#2268=ORIENTED_EDGE('',*,*,#1711,.F.);
#2269=ORIENTED_EDGE('',*,*,#1724,.F.);
#2270=ORIENTED_EDGE('',*,*,#1718,.F.);
#2271=ORIENTED_EDGE('',*,*,#1724,.T.);
#2272=ORIENTED_EDGE('',*,*,#1713,.F.);
#2273=ORIENTED_EDGE('',*,*,#1725,.F.);
#2274=ORIENTED_EDGE('',*,*,#1715,.F.);
#2275=ORIENTED_EDGE('',*,*,#1723,.T.);
#2276=ORIENTED_EDGE('',*,*,#1717,.F.);
#2277=ORIENTED_EDGE('',*,*,#1726,.F.);
#2278=ORIENTED_EDGE('',*,*,#1708,.F.);
#2279=ORIENTED_EDGE('',*,*,#1725,.T.);
#2280=ORIENTED_EDGE('',*,*,#1714,.F.);
#2281=ORIENTED_EDGE('',*,*,#1726,.T.);
#2282=ORIENTED_EDGE('',*,*,#1716,.F.);
#2283=ORIENTED_EDGE('',*,*,#1727,.F.);
#2284=ORIENTED_EDGE('',*,*,#1728,.T.);
#2285=ORIENTED_EDGE('',*,*,#1729,.F.);
#2286=ORIENTED_EDGE('',*,*,#1728,.F.);
#2287=ORIENTED_EDGE('',*,*,#1730,.T.);
#2288=ORIENTED_EDGE('',*,*,#1731,.T.);
#2289=ORIENTED_EDGE('',*,*,#1732,.F.);
#2290=ORIENTED_EDGE('',*,*,#1731,.F.);
#2291=ORIENTED_EDGE('',*,*,#1733,.T.);
#2292=ORIENTED_EDGE('',*,*,#1734,.T.);
#2293=ORIENTED_EDGE('',*,*,#1735,.T.);
#2294=ORIENTED_EDGE('',*,*,#1736,.T.);
#2295=ORIENTED_EDGE('',*,*,#1727,.T.);
#2296=ORIENTED_EDGE('',*,*,#1736,.F.);
#2297=ORIENTED_EDGE('',*,*,#1737,.T.);
#2298=ORIENTED_EDGE('',*,*,#1738,.T.);
#2299=ORIENTED_EDGE('',*,*,#1733,.F.);
#2300=ORIENTED_EDGE('',*,*,#1739,.F.);
#2301=ORIENTED_EDGE('',*,*,#1740,.F.);
#2302=ORIENTED_EDGE('',*,*,#1741,.F.);
#2303=ORIENTED_EDGE('',*,*,#1742,.F.);
#2304=ORIENTED_EDGE('',*,*,#1740,.T.);
#2305=ORIENTED_EDGE('',*,*,#1729,.T.);
#2306=ORIENTED_EDGE('',*,*,#1730,.F.);
#2307=ORIENTED_EDGE('',*,*,#1743,.F.);
#2308=ORIENTED_EDGE('',*,*,#1744,.T.);
#2309=ORIENTED_EDGE('',*,*,#1732,.T.);
#2310=ORIENTED_EDGE('',*,*,#1745,.F.);
#2311=ORIENTED_EDGE('',*,*,#1744,.F.);
#2312=ORIENTED_EDGE('',*,*,#1746,.F.);
#2313=ORIENTED_EDGE('',*,*,#1737,.F.);
#2314=ORIENTED_EDGE('',*,*,#1735,.F.);
#2315=ORIENTED_EDGE('',*,*,#1741,.T.);
#2316=ORIENTED_EDGE('',*,*,#1742,.T.);
#2317=ORIENTED_EDGE('',*,*,#1739,.T.);
#2318=ORIENTED_EDGE('',*,*,#1747,.F.);
#2319=ORIENTED_EDGE('',*,*,#1745,.T.);
#2320=ORIENTED_EDGE('',*,*,#1748,.F.);
#2321=ORIENTED_EDGE('',*,*,#1746,.T.);
#2322=ORIENTED_EDGE('',*,*,#1743,.T.);
#2323=ORIENTED_EDGE('',*,*,#1747,.T.);
#2324=ORIENTED_EDGE('',*,*,#1738,.F.);
#2325=ORIENTED_EDGE('',*,*,#1748,.T.);
#2326=ORIENTED_EDGE('',*,*,#1734,.F.);
#2327=ORIENTED_EDGE('',*,*,#1749,.F.);
#2328=ORIENTED_EDGE('',*,*,#1750,.F.);
#2329=ORIENTED_EDGE('',*,*,#1751,.F.);
#2330=ORIENTED_EDGE('',*,*,#1752,.F.);
#2331=ORIENTED_EDGE('',*,*,#1753,.F.);
#2332=ORIENTED_EDGE('',*,*,#1754,.T.);
#2333=ORIENTED_EDGE('',*,*,#1755,.F.);
#2334=ORIENTED_EDGE('',*,*,#1754,.F.);
#2335=ORIENTED_EDGE('',*,*,#1756,.T.);
#2336=ORIENTED_EDGE('',*,*,#1757,.T.);
#2337=ORIENTED_EDGE('',*,*,#1758,.F.);
#2338=ORIENTED_EDGE('',*,*,#1757,.F.);
#2339=ORIENTED_EDGE('',*,*,#1749,.T.);
#2340=ORIENTED_EDGE('',*,*,#1759,.T.);
#2341=ORIENTED_EDGE('',*,*,#1760,.T.);
#2342=ORIENTED_EDGE('',*,*,#1761,.T.);
#2343=ORIENTED_EDGE('',*,*,#1753,.T.);
#2344=ORIENTED_EDGE('',*,*,#1761,.F.);
#2345=ORIENTED_EDGE('',*,*,#1762,.T.);
#2346=ORIENTED_EDGE('',*,*,#1763,.T.);
#2347=ORIENTED_EDGE('',*,*,#1764,.F.);
#2348=ORIENTED_EDGE('',*,*,#1751,.T.);
#2349=ORIENTED_EDGE('',*,*,#1755,.T.);
#2350=ORIENTED_EDGE('',*,*,#1756,.F.);
#2351=ORIENTED_EDGE('',*,*,#1765,.F.);
#2352=ORIENTED_EDGE('',*,*,#1766,.T.);
#2353=ORIENTED_EDGE('',*,*,#1758,.T.);
#2354=ORIENTED_EDGE('',*,*,#1764,.T.);
#2355=ORIENTED_EDGE('',*,*,#1750,.T.);
#2356=ORIENTED_EDGE('',*,*,#1767,.F.);
#2357=ORIENTED_EDGE('',*,*,#1752,.T.);
#2358=ORIENTED_EDGE('',*,*,#1765,.T.);
#2359=ORIENTED_EDGE('',*,*,#1768,.T.);
#2360=ORIENTED_EDGE('',*,*,#1769,.F.);
#2361=ORIENTED_EDGE('',*,*,#1770,.T.);
#2362=ORIENTED_EDGE('',*,*,#1767,.T.);
#2363=ORIENTED_EDGE('',*,*,#1763,.F.);
#2364=ORIENTED_EDGE('',*,*,#1769,.T.);
#2365=ORIENTED_EDGE('',*,*,#1759,.F.);
#2366=ORIENTED_EDGE('',*,*,#1770,.F.);
#2367=ORIENTED_EDGE('',*,*,#1762,.F.);
#2368=ORIENTED_EDGE('',*,*,#1760,.F.);
#2369=ORIENTED_EDGE('',*,*,#1768,.F.);
#2370=ORIENTED_EDGE('',*,*,#1766,.F.);
#2371=ORIENTED_EDGE('',*,*,#1771,.F.);
#2372=ORIENTED_EDGE('',*,*,#1772,.T.);
#2373=ORIENTED_EDGE('',*,*,#1773,.T.);
#2374=ORIENTED_EDGE('',*,*,#1774,.F.);
#2375=ORIENTED_EDGE('',*,*,#1775,.T.);
#2376=ORIENTED_EDGE('',*,*,#1776,.T.);
#2377=ORIENTED_EDGE('',*,*,#1777,.F.);
#2378=ORIENTED_EDGE('',*,*,#1778,.F.);
#2379=ORIENTED_EDGE('',*,*,#1779,.F.);
#2380=ORIENTED_EDGE('',*,*,#1780,.F.);
#2381=ORIENTED_EDGE('',*,*,#1781,.T.);
#2382=ORIENTED_EDGE('',*,*,#1782,.T.);
#2383=ORIENTED_EDGE('',*,*,#1783,.F.);
#2384=ORIENTED_EDGE('',*,*,#1784,.T.);
#2385=ORIENTED_EDGE('',*,*,#1785,.T.);
#2386=ORIENTED_EDGE('',*,*,#1786,.F.);
#2387=ORIENTED_EDGE('',*,*,#1787,.F.);
#2388=ORIENTED_EDGE('',*,*,#1788,.F.);
#2389=ORIENTED_EDGE('',*,*,#1789,.F.);
#2390=ORIENTED_EDGE('',*,*,#1790,.T.);
#2391=ORIENTED_EDGE('',*,*,#1791,.F.);
#2392=ORIENTED_EDGE('',*,*,#1790,.F.);
#2393=ORIENTED_EDGE('',*,*,#1792,.F.);
#2394=ORIENTED_EDGE('',*,*,#1793,.F.);
#2395=ORIENTED_EDGE('',*,*,#1794,.T.);
#2396=ORIENTED_EDGE('',*,*,#1795,.F.);
#2397=ORIENTED_EDGE('',*,*,#1794,.F.);
#2398=ORIENTED_EDGE('',*,*,#1792,.T.);
#2399=ORIENTED_EDGE('',*,*,#1793,.T.);
#2400=ORIENTED_EDGE('',*,*,#1796,.T.);
#2401=ORIENTED_EDGE('',*,*,#1797,.T.);
#2402=ORIENTED_EDGE('',*,*,#1796,.F.);
#2403=ORIENTED_EDGE('',*,*,#1788,.T.);
#2404=ORIENTED_EDGE('',*,*,#1789,.T.);
#2405=ORIENTED_EDGE('',*,*,#1798,.T.);
#2406=ORIENTED_EDGE('',*,*,#1799,.T.);
#2407=ORIENTED_EDGE('',*,*,#1798,.F.);
#2408=ORIENTED_EDGE('',*,*,#1800,.F.);
#2409=ORIENTED_EDGE('',*,*,#1801,.T.);
#2410=ORIENTED_EDGE('',*,*,#1802,.T.);
#2411=ORIENTED_EDGE('',*,*,#1803,.T.);
#2412=ORIENTED_EDGE('',*,*,#1804,.T.);
#2413=ORIENTED_EDGE('',*,*,#1801,.F.);
#2414=ORIENTED_EDGE('',*,*,#1805,.F.);
#2415=ORIENTED_EDGE('',*,*,#1806,.T.);
#2416=ORIENTED_EDGE('',*,*,#1807,.F.);
#2417=ORIENTED_EDGE('',*,*,#1806,.F.);
#2418=ORIENTED_EDGE('',*,*,#1808,.F.);
#2419=ORIENTED_EDGE('',*,*,#1809,.T.);
#2420=ORIENTED_EDGE('',*,*,#1810,.T.);
#2421=ORIENTED_EDGE('',*,*,#1811,.T.);
#2422=ORIENTED_EDGE('',*,*,#1812,.T.);
#2423=ORIENTED_EDGE('',*,*,#1809,.F.);
#2424=ORIENTED_EDGE('',*,*,#1813,.T.);
#2425=ORIENTED_EDGE('',*,*,#1814,.T.);
#2426=ORIENTED_EDGE('',*,*,#1815,.T.);
#2427=ORIENTED_EDGE('',*,*,#1814,.F.);
#2428=ORIENTED_EDGE('',*,*,#1816,.F.);
#2429=ORIENTED_EDGE('',*,*,#1817,.T.);
#2430=ORIENTED_EDGE('',*,*,#1818,.T.);
#2431=ORIENTED_EDGE('',*,*,#1817,.F.);
#2432=ORIENTED_EDGE('',*,*,#1819,.F.);
#2433=ORIENTED_EDGE('',*,*,#1820,.T.);
#2434=ORIENTED_EDGE('',*,*,#1821,.T.);
#2435=ORIENTED_EDGE('',*,*,#1820,.F.);
#2436=ORIENTED_EDGE('',*,*,#1822,.F.);
#2437=ORIENTED_EDGE('',*,*,#1823,.T.);
#2438=ORIENTED_EDGE('',*,*,#1824,.T.);
#2439=ORIENTED_EDGE('',*,*,#1823,.F.);
#2440=ORIENTED_EDGE('',*,*,#1825,.F.);
#2441=ORIENTED_EDGE('',*,*,#1826,.T.);
#2442=ORIENTED_EDGE('',*,*,#1827,.T.);
#2443=ORIENTED_EDGE('',*,*,#1826,.F.);
#2444=ORIENTED_EDGE('',*,*,#1828,.F.);
#2445=ORIENTED_EDGE('',*,*,#1829,.T.);
#2446=ORIENTED_EDGE('',*,*,#1830,.T.);
#2447=ORIENTED_EDGE('',*,*,#1831,.T.);
#2448=ORIENTED_EDGE('',*,*,#1832,.F.);
#2449=ORIENTED_EDGE('',*,*,#1833,.F.);
#2450=ORIENTED_EDGE('',*,*,#1834,.F.);
#2451=ORIENTED_EDGE('',*,*,#1835,.F.);
#2452=ORIENTED_EDGE('',*,*,#1836,.F.);
#2453=ORIENTED_EDGE('',*,*,#1837,.T.);
#2454=ORIENTED_EDGE('',*,*,#1838,.F.);
#2455=ORIENTED_EDGE('',*,*,#1839,.F.);
#2456=ORIENTED_EDGE('',*,*,#1840,.T.);
#2457=ORIENTED_EDGE('',*,*,#1841,.T.);
#2458=ORIENTED_EDGE('',*,*,#1842,.T.);
#2459=ORIENTED_EDGE('',*,*,#1843,.F.);
#2460=ORIENTED_EDGE('',*,*,#1844,.F.);
#2461=ORIENTED_EDGE('',*,*,#1845,.T.);
#2462=ORIENTED_EDGE('',*,*,#1846,.T.);
#2463=ORIENTED_EDGE('',*,*,#1847,.F.);
#2464=ORIENTED_EDGE('',*,*,#1848,.T.);
#2465=ORIENTED_EDGE('',*,*,#1849,.F.);
#2466=ORIENTED_EDGE('',*,*,#1850,.F.);
#2467=ORIENTED_EDGE('',*,*,#1851,.T.);
#2468=ORIENTED_EDGE('',*,*,#1852,.T.);
#2469=ORIENTED_EDGE('',*,*,#1853,.F.);
#2470=ORIENTED_EDGE('',*,*,#1854,.T.);
#2471=ORIENTED_EDGE('',*,*,#1855,.T.);
#2472=ORIENTED_EDGE('',*,*,#1856,.F.);
#2473=ORIENTED_EDGE('',*,*,#1857,.F.);
#2474=ORIENTED_EDGE('',*,*,#1858,.F.);
#2475=ORIENTED_EDGE('',*,*,#1859,.F.);
#2476=ORIENTED_EDGE('',*,*,#1860,.T.);
#2477=ORIENTED_EDGE('',*,*,#1861,.F.);
#2478=ORIENTED_EDGE('',*,*,#1862,.T.);
#2479=ORIENTED_EDGE('',*,*,#1863,.F.);
#2480=ORIENTED_EDGE('',*,*,#1864,.T.);
#2481=ORIENTED_EDGE('',*,*,#1780,.T.);
#2482=ORIENTED_EDGE('',*,*,#1865,.T.);
#2483=ORIENTED_EDGE('',*,*,#1866,.T.);
#2484=ORIENTED_EDGE('',*,*,#1867,.F.);
#2485=ORIENTED_EDGE('',*,*,#1868,.T.);
#2486=ORIENTED_EDGE('',*,*,#1869,.F.);
#2487=ORIENTED_EDGE('',*,*,#1870,.T.);
#2488=ORIENTED_EDGE('',*,*,#1871,.T.);
#2489=ORIENTED_EDGE('',*,*,#1872,.T.);
#2490=ORIENTED_EDGE('',*,*,#1873,.F.);
#2491=ORIENTED_EDGE('',*,*,#1874,.T.);
#2492=ORIENTED_EDGE('',*,*,#1816,.T.);
#2493=ORIENTED_EDGE('',*,*,#1875,.T.);
#2494=ORIENTED_EDGE('',*,*,#1876,.T.);
#2495=ORIENTED_EDGE('',*,*,#1877,.F.);
#2496=ORIENTED_EDGE('',*,*,#1878,.F.);
#2497=ORIENTED_EDGE('',*,*,#1879,.T.);
#2498=ORIENTED_EDGE('',*,*,#1880,.T.);
#2499=ORIENTED_EDGE('',*,*,#1881,.T.);
#2500=ORIENTED_EDGE('',*,*,#1882,.T.);
#2501=ORIENTED_EDGE('',*,*,#1840,.F.);
#2502=ORIENTED_EDGE('',*,*,#1883,.T.);
#2503=ORIENTED_EDGE('',*,*,#1884,.T.);
#2504=ORIENTED_EDGE('',*,*,#1885,.F.);
#2505=ORIENTED_EDGE('',*,*,#1886,.T.);
#2506=ORIENTED_EDGE('',*,*,#1887,.T.);
#2507=ORIENTED_EDGE('',*,*,#1888,.T.);
#2508=ORIENTED_EDGE('',*,*,#1889,.T.);
#2509=ORIENTED_EDGE('',*,*,#1890,.T.);
#2510=ORIENTED_EDGE('',*,*,#1891,.F.);
#2511=ORIENTED_EDGE('',*,*,#1842,.F.);
#2512=ORIENTED_EDGE('',*,*,#1892,.F.);
#2513=ORIENTED_EDGE('',*,*,#1831,.F.);
#2514=ORIENTED_EDGE('',*,*,#1893,.T.);
#2515=ORIENTED_EDGE('',*,*,#1777,.T.);
#2516=ORIENTED_EDGE('',*,*,#1894,.T.);
#2517=ORIENTED_EDGE('',*,*,#1895,.T.);
#2518=ORIENTED_EDGE('',*,*,#1896,.T.);
#2519=ORIENTED_EDGE('',*,*,#1841,.F.);
#2520=ORIENTED_EDGE('',*,*,#1882,.F.);
#2521=ORIENTED_EDGE('',*,*,#1897,.T.);
#2522=ORIENTED_EDGE('',*,*,#1898,.F.);
#2523=ORIENTED_EDGE('',*,*,#1899,.F.);
#2524=ORIENTED_EDGE('',*,*,#1900,.T.);
#2525=ORIENTED_EDGE('',*,*,#1856,.T.);
#2526=ORIENTED_EDGE('',*,*,#1901,.F.);
#2527=ORIENTED_EDGE('',*,*,#1902,.F.);
#2528=ORIENTED_EDGE('',*,*,#1903,.T.);
#2529=ORIENTED_EDGE('',*,*,#1904,.T.);
#2530=ORIENTED_EDGE('',*,*,#1889,.F.);
#2531=ORIENTED_EDGE('',*,*,#1905,.T.);
#2532=ORIENTED_EDGE('',*,*,#1906,.F.);
#2533=ORIENTED_EDGE('',*,*,#1907,.F.);
#2534=ORIENTED_EDGE('',*,*,#1908,.T.);
#2535=ORIENTED_EDGE('',*,*,#1860,.F.);
#2536=ORIENTED_EDGE('',*,*,#1909,.F.);
#2537=ORIENTED_EDGE('',*,*,#1910,.F.);
#2538=ORIENTED_EDGE('',*,*,#1911,.T.);
#2539=ORIENTED_EDGE('',*,*,#1912,.T.);
#2540=ORIENTED_EDGE('',*,*,#1913,.F.);
#2541=ORIENTED_EDGE('',*,*,#1846,.F.);
#2542=ORIENTED_EDGE('',*,*,#1914,.F.);
#2543=ORIENTED_EDGE('',*,*,#1915,.F.);
#2544=ORIENTED_EDGE('',*,*,#1916,.F.);
#2545=ORIENTED_EDGE('',*,*,#1773,.F.);
#2546=ORIENTED_EDGE('',*,*,#1917,.T.);
#2547=ORIENTED_EDGE('',*,*,#1918,.T.);
#2548=ORIENTED_EDGE('',*,*,#1919,.F.);
#2549=ORIENTED_EDGE('',*,*,#1920,.T.);
#2550=ORIENTED_EDGE('',*,*,#1921,.T.);
#2551=ORIENTED_EDGE('',*,*,#1922,.T.);
#2552=ORIENTED_EDGE('',*,*,#1923,.F.);
#2553=ORIENTED_EDGE('',*,*,#1924,.F.);
#2554=ORIENTED_EDGE('',*,*,#1925,.T.);
#2555=ORIENTED_EDGE('',*,*,#1858,.T.);
#2556=ORIENTED_EDGE('',*,*,#1926,.F.);
#2557=ORIENTED_EDGE('',*,*,#1927,.F.);
#2558=ORIENTED_EDGE('',*,*,#1928,.F.);
#2559=ORIENTED_EDGE('',*,*,#1929,.F.);
#2560=ORIENTED_EDGE('',*,*,#1930,.T.);
#2561=ORIENTED_EDGE('',*,*,#1931,.T.);
#2562=ORIENTED_EDGE('',*,*,#1932,.F.);
#2563=ORIENTED_EDGE('',*,*,#1933,.T.);
#2564=ORIENTED_EDGE('',*,*,#1934,.F.);
#2565=ORIENTED_EDGE('',*,*,#1935,.T.);
#2566=ORIENTED_EDGE('',*,*,#1819,.T.);
#2567=ORIENTED_EDGE('',*,*,#1936,.T.);
#2568=ORIENTED_EDGE('',*,*,#1937,.T.);
#2569=ORIENTED_EDGE('',*,*,#1938,.F.);
#2570=ORIENTED_EDGE('',*,*,#1939,.T.);
#2571=ORIENTED_EDGE('',*,*,#1940,.T.);
#2572=ORIENTED_EDGE('',*,*,#1930,.F.);
#2573=ORIENTED_EDGE('',*,*,#1941,.F.);
#2574=ORIENTED_EDGE('',*,*,#1942,.F.);
#2575=ORIENTED_EDGE('',*,*,#1943,.F.);
#2576=ORIENTED_EDGE('',*,*,#1944,.F.);
#2577=ORIENTED_EDGE('',*,*,#1945,.F.);
#2578=ORIENTED_EDGE('',*,*,#1928,.T.);
#2579=ORIENTED_EDGE('',*,*,#1946,.T.);
#2580=ORIENTED_EDGE('',*,*,#1947,.F.);
#2581=ORIENTED_EDGE('',*,*,#1948,.F.);
#2582=ORIENTED_EDGE('',*,*,#1949,.T.);
#2583=ORIENTED_EDGE('',*,*,#1950,.T.);
#2584=ORIENTED_EDGE('',*,*,#1951,.T.);
#2585=ORIENTED_EDGE('',*,*,#1952,.T.);
#2586=ORIENTED_EDGE('',*,*,#1855,.F.);
#2587=ORIENTED_EDGE('',*,*,#1953,.T.);
#2588=ORIENTED_EDGE('',*,*,#1832,.T.);
#2589=ORIENTED_EDGE('',*,*,#1892,.T.);
#2590=ORIENTED_EDGE('',*,*,#1954,.T.);
#2591=ORIENTED_EDGE('',*,*,#1955,.T.);
#2592=ORIENTED_EDGE('',*,*,#1956,.F.);
#2593=ORIENTED_EDGE('',*,*,#1847,.T.);
#2594=ORIENTED_EDGE('',*,*,#1913,.T.);
#2595=ORIENTED_EDGE('',*,*,#1957,.T.);
#2596=ORIENTED_EDGE('',*,*,#1838,.T.);
#2597=ORIENTED_EDGE('',*,*,#1958,.F.);
#2598=ORIENTED_EDGE('',*,*,#1782,.F.);
#2599=ORIENTED_EDGE('',*,*,#1959,.F.);
#2600=ORIENTED_EDGE('',*,*,#1960,.F.);
#2601=ORIENTED_EDGE('',*,*,#1961,.F.);
#2602=ORIENTED_EDGE('',*,*,#1834,.T.);
#2603=ORIENTED_EDGE('',*,*,#1962,.F.);
#2604=ORIENTED_EDGE('',*,*,#1853,.T.);
#2605=ORIENTED_EDGE('',*,*,#1963,.T.);
#2606=ORIENTED_EDGE('',*,*,#1964,.T.);
#2607=ORIENTED_EDGE('',*,*,#1965,.T.);
#2608=ORIENTED_EDGE('',*,*,#1786,.T.);
#2609=ORIENTED_EDGE('',*,*,#1966,.T.);
#2610=ORIENTED_EDGE('',*,*,#1849,.T.);
#2611=ORIENTED_EDGE('',*,*,#1967,.T.);
#2612=ORIENTED_EDGE('',*,*,#1824,.F.);
#2613=ORIENTED_EDGE('',*,*,#1827,.F.);
#2614=ORIENTED_EDGE('',*,*,#1839,.T.);
#2615=ORIENTED_EDGE('',*,*,#1967,.F.);
#2616=ORIENTED_EDGE('',*,*,#1848,.F.);
#2617=ORIENTED_EDGE('',*,*,#1956,.T.);
#2618=ORIENTED_EDGE('',*,*,#1932,.T.);
#2619=ORIENTED_EDGE('',*,*,#1885,.T.);
#2620=ORIENTED_EDGE('',*,*,#1867,.T.);
#2621=ORIENTED_EDGE('',*,*,#1878,.T.);
#2622=ORIENTED_EDGE('',*,*,#1833,.T.);
#2623=ORIENTED_EDGE('',*,*,#1953,.F.);
#2624=ORIENTED_EDGE('',*,*,#1854,.F.);
#2625=ORIENTED_EDGE('',*,*,#1962,.T.);
#2626=ORIENTED_EDGE('',*,*,#1825,.T.);
#2627=ORIENTED_EDGE('',*,*,#1818,.F.);
#2628=ORIENTED_EDGE('',*,*,#1822,.T.);
#2629=ORIENTED_EDGE('',*,*,#1821,.F.);
#2630=ORIENTED_EDGE('',*,*,#1869,.T.);
#2631=ORIENTED_EDGE('',*,*,#1968,.T.);
#2632=ORIENTED_EDGE('',*,*,#1921,.F.);
#2633=ORIENTED_EDGE('',*,*,#1969,.T.);
#2634=ORIENTED_EDGE('',*,*,#1970,.T.);
#2635=ORIENTED_EDGE('',*,*,#1971,.T.);
#2636=ORIENTED_EDGE('',*,*,#1972,.T.);
#2637=ORIENTED_EDGE('',*,*,#1973,.T.);
#2638=ORIENTED_EDGE('',*,*,#1919,.T.);
#2639=ORIENTED_EDGE('',*,*,#1974,.T.);
#2640=ORIENTED_EDGE('',*,*,#1865,.F.);
#2641=ORIENTED_EDGE('',*,*,#1975,.F.);
#2642=ORIENTED_EDGE('',*,*,#1871,.F.);
#2643=ORIENTED_EDGE('',*,*,#1976,.T.);
#2644=ORIENTED_EDGE('',*,*,#1977,.F.);
#2645=ORIENTED_EDGE('',*,*,#1978,.F.);
#2646=ORIENTED_EDGE('',*,*,#1979,.F.);
#2647=ORIENTED_EDGE('',*,*,#1980,.F.);
#2648=ORIENTED_EDGE('',*,*,#1947,.T.);
#2649=ORIENTED_EDGE('',*,*,#1981,.T.);
#2650=ORIENTED_EDGE('',*,*,#1982,.F.);
#2651=ORIENTED_EDGE('',*,*,#1983,.F.);
#2652=ORIENTED_EDGE('',*,*,#1984,.T.);
#2653=ORIENTED_EDGE('',*,*,#1862,.F.);
#2654=ORIENTED_EDGE('',*,*,#1985,.F.);
#2655=ORIENTED_EDGE('',*,*,#1986,.F.);
#2656=ORIENTED_EDGE('',*,*,#1987,.T.);
#2657=ORIENTED_EDGE('',*,*,#1988,.T.);
#2658=ORIENTED_EDGE('',*,*,#1939,.F.);
#2659=ORIENTED_EDGE('',*,*,#1989,.F.);
#2660=ORIENTED_EDGE('',*,*,#1942,.T.);
#2661=ORIENTED_EDGE('',*,*,#1990,.F.);
#2662=ORIENTED_EDGE('',*,*,#1949,.F.);
#2663=ORIENTED_EDGE('',*,*,#1991,.T.);
#2664=ORIENTED_EDGE('',*,*,#1805,.T.);
#2665=ORIENTED_EDGE('',*,*,#1990,.T.);
#2666=ORIENTED_EDGE('',*,*,#1945,.T.);
#2667=ORIENTED_EDGE('',*,*,#1992,.F.);
#2668=ORIENTED_EDGE('',*,*,#1950,.F.);
#2669=ORIENTED_EDGE('',*,*,#1944,.T.);
#2670=ORIENTED_EDGE('',*,*,#1993,.F.);
#2671=ORIENTED_EDGE('',*,*,#1951,.F.);
#2672=ORIENTED_EDGE('',*,*,#1992,.T.);
#2673=ORIENTED_EDGE('',*,*,#1807,.T.);
#2674=ORIENTED_EDGE('',*,*,#1943,.T.);
#2675=ORIENTED_EDGE('',*,*,#1991,.F.);
#2676=ORIENTED_EDGE('',*,*,#1952,.F.);
#2677=ORIENTED_EDGE('',*,*,#1993,.T.);
#2678=ORIENTED_EDGE('',*,*,#1994,.F.);
#2679=ORIENTED_EDGE('',*,*,#1995,.T.);
#2680=ORIENTED_EDGE('',*,*,#1996,.F.);
#2681=ORIENTED_EDGE('',*,*,#1997,.F.);
#2682=ORIENTED_EDGE('',*,*,#1998,.F.);
#2683=ORIENTED_EDGE('',*,*,#1999,.F.);
#2684=ORIENTED_EDGE('',*,*,#2000,.F.);
#2685=ORIENTED_EDGE('',*,*,#1997,.T.);
#2686=ORIENTED_EDGE('',*,*,#2001,.F.);
#2687=ORIENTED_EDGE('',*,*,#2002,.F.);
#2688=ORIENTED_EDGE('',*,*,#2003,.F.);
#2689=ORIENTED_EDGE('',*,*,#1999,.T.);
#2690=ORIENTED_EDGE('',*,*,#2004,.F.);
#2691=ORIENTED_EDGE('',*,*,#2005,.F.);
#2692=ORIENTED_EDGE('',*,*,#2006,.T.);
#2693=ORIENTED_EDGE('',*,*,#2002,.T.);
#2694=ORIENTED_EDGE('',*,*,#1811,.F.);
#2695=ORIENTED_EDGE('',*,*,#2007,.F.);
#2696=ORIENTED_EDGE('',*,*,#2008,.T.);
#2697=ORIENTED_EDGE('',*,*,#2005,.T.);
#2698=ORIENTED_EDGE('',*,*,#2009,.F.);
#2699=ORIENTED_EDGE('',*,*,#2010,.F.);
#2700=ORIENTED_EDGE('',*,*,#1812,.F.);
#2701=ORIENTED_EDGE('',*,*,#2010,.T.);
#2702=ORIENTED_EDGE('',*,*,#2011,.F.);
#2703=ORIENTED_EDGE('',*,*,#1936,.F.);
#2704=ORIENTED_EDGE('',*,*,#1935,.F.);
#2705=ORIENTED_EDGE('',*,*,#2012,.T.);
#2706=ORIENTED_EDGE('',*,*,#2007,.T.);
#2707=ORIENTED_EDGE('',*,*,#1810,.F.);
#2708=ORIENTED_EDGE('',*,*,#2013,.T.);
#2709=ORIENTED_EDGE('',*,*,#2014,.F.);
#2710=ORIENTED_EDGE('',*,*,#2015,.F.);
#2711=ORIENTED_EDGE('',*,*,#1938,.T.);
#2712=ORIENTED_EDGE('',*,*,#2016,.T.);
#2713=ORIENTED_EDGE('',*,*,#2017,.F.);
#2714=ORIENTED_EDGE('',*,*,#2018,.F.);
#2715=ORIENTED_EDGE('',*,*,#2014,.T.);
#2716=ORIENTED_EDGE('',*,*,#1808,.T.);
#2717=ORIENTED_EDGE('',*,*,#2019,.T.);
#2718=ORIENTED_EDGE('',*,*,#2020,.T.);
#2719=ORIENTED_EDGE('',*,*,#2021,.T.);
#2720=ORIENTED_EDGE('',*,*,#2022,.F.);
#2721=ORIENTED_EDGE('',*,*,#2023,.T.);
#2722=ORIENTED_EDGE('',*,*,#2024,.T.);
#2723=ORIENTED_EDGE('',*,*,#2025,.F.);
#2724=ORIENTED_EDGE('',*,*,#2017,.T.);
#2725=ORIENTED_EDGE('',*,*,#2026,.F.);
#2726=ORIENTED_EDGE('',*,*,#2027,.T.);
#2727=ORIENTED_EDGE('',*,*,#2022,.T.);
#2728=ORIENTED_EDGE('',*,*,#2028,.T.);
#2729=ORIENTED_EDGE('',*,*,#1995,.F.);
#2730=ORIENTED_EDGE('',*,*,#2029,.T.);
#2731=ORIENTED_EDGE('',*,*,#2026,.T.);
#2732=ORIENTED_EDGE('',*,*,#2030,.T.);
#2733=ORIENTED_EDGE('',*,*,#2025,.T.);
#2734=ORIENTED_EDGE('',*,*,#2031,.T.);
#2735=ORIENTED_EDGE('',*,*,#2006,.F.);
#2736=ORIENTED_EDGE('',*,*,#2008,.F.);
#2737=ORIENTED_EDGE('',*,*,#2012,.F.);
#2738=ORIENTED_EDGE('',*,*,#1934,.T.);
#2739=ORIENTED_EDGE('',*,*,#2015,.T.);
#2740=ORIENTED_EDGE('',*,*,#2018,.T.);
#2741=ORIENTED_EDGE('',*,*,#2032,.F.);
#2742=ORIENTED_EDGE('',*,*,#2019,.F.);
#2743=ORIENTED_EDGE('',*,*,#2016,.F.);
#2744=ORIENTED_EDGE('',*,*,#2013,.F.);
#2745=ORIENTED_EDGE('',*,*,#1937,.F.);
#2746=ORIENTED_EDGE('',*,*,#2011,.T.);
#2747=ORIENTED_EDGE('',*,*,#2009,.T.);
#2748=ORIENTED_EDGE('',*,*,#2004,.T.);
#2749=ORIENTED_EDGE('',*,*,#1971,.F.);
#2750=ORIENTED_EDGE('',*,*,#2033,.F.);
#2751=ORIENTED_EDGE('',*,*,#1978,.T.);
#2752=ORIENTED_EDGE('',*,*,#2034,.T.);
#2753=ORIENTED_EDGE('',*,*,#1813,.F.);
#2754=ORIENTED_EDGE('',*,*,#1970,.F.);
#2755=ORIENTED_EDGE('',*,*,#2035,.F.);
#2756=ORIENTED_EDGE('',*,*,#1979,.T.);
#2757=ORIENTED_EDGE('',*,*,#2033,.T.);
#2758=ORIENTED_EDGE('',*,*,#1973,.F.);
#2759=ORIENTED_EDGE('',*,*,#2036,.F.);
#2760=ORIENTED_EDGE('',*,*,#1980,.T.);
#2761=ORIENTED_EDGE('',*,*,#2035,.T.);
#2762=ORIENTED_EDGE('',*,*,#1815,.F.);
#2763=ORIENTED_EDGE('',*,*,#1972,.F.);
#2764=ORIENTED_EDGE('',*,*,#2034,.F.);
#2765=ORIENTED_EDGE('',*,*,#1977,.T.);
#2766=ORIENTED_EDGE('',*,*,#2036,.T.);
#2767=ORIENTED_EDGE('',*,*,#1906,.T.);
#2768=ORIENTED_EDGE('',*,*,#2037,.T.);
#2769=ORIENTED_EDGE('',*,*,#1987,.F.);
#2770=ORIENTED_EDGE('',*,*,#2038,.F.);
#2771=ORIENTED_EDGE('',*,*,#1982,.T.);
#2772=ORIENTED_EDGE('',*,*,#2039,.T.);
#2773=ORIENTED_EDGE('',*,*,#1911,.F.);
#2774=ORIENTED_EDGE('',*,*,#2040,.F.);
#2775=ORIENTED_EDGE('',*,*,#1898,.T.);
#2776=ORIENTED_EDGE('',*,*,#2041,.T.);
#2777=ORIENTED_EDGE('',*,*,#1917,.F.);
#2778=ORIENTED_EDGE('',*,*,#2042,.F.);
#2779=ORIENTED_EDGE('',*,*,#1923,.T.);
#2780=ORIENTED_EDGE('',*,*,#2043,.T.);
#2781=ORIENTED_EDGE('',*,*,#1903,.F.);
#2782=ORIENTED_EDGE('',*,*,#2044,.F.);
#2783=ORIENTED_EDGE('',*,*,#2001,.T.);
#2784=ORIENTED_EDGE('',*,*,#2045,.F.);
#2785=ORIENTED_EDGE('',*,*,#2020,.F.);
#2786=ORIENTED_EDGE('',*,*,#2032,.T.);
#2787=ORIENTED_EDGE('',*,*,#1998,.T.);
#2788=ORIENTED_EDGE('',*,*,#1996,.T.);
#2789=ORIENTED_EDGE('',*,*,#2030,.F.);
#2790=ORIENTED_EDGE('',*,*,#2028,.F.);
#2791=ORIENTED_EDGE('',*,*,#2021,.F.);
#2792=ORIENTED_EDGE('',*,*,#2045,.T.);
#2793=ORIENTED_EDGE('',*,*,#2027,.F.);
#2794=ORIENTED_EDGE('',*,*,#2029,.F.);
#2795=ORIENTED_EDGE('',*,*,#1994,.T.);
#2796=ORIENTED_EDGE('',*,*,#2000,.T.);
#2797=ORIENTED_EDGE('',*,*,#2046,.F.);
#2798=ORIENTED_EDGE('',*,*,#2023,.F.);
#2799=ORIENTED_EDGE('',*,*,#2003,.T.);
#2800=ORIENTED_EDGE('',*,*,#2031,.F.);
#2801=ORIENTED_EDGE('',*,*,#2024,.F.);
#2802=ORIENTED_EDGE('',*,*,#2046,.T.);
#2803=ORIENTED_EDGE('',*,*,#2047,.F.);
#2804=ORIENTED_EDGE('',*,*,#2048,.T.);
#2805=ORIENTED_EDGE('',*,*,#2049,.F.);
#2806=ORIENTED_EDGE('',*,*,#2050,.F.);
#2807=ORIENTED_EDGE('',*,*,#2051,.F.);
#2808=ORIENTED_EDGE('',*,*,#2052,.F.);
#2809=ORIENTED_EDGE('',*,*,#2053,.F.);
#2810=ORIENTED_EDGE('',*,*,#2050,.T.);
#2811=ORIENTED_EDGE('',*,*,#2054,.F.);
#2812=ORIENTED_EDGE('',*,*,#2055,.F.);
#2813=ORIENTED_EDGE('',*,*,#2056,.F.);
#2814=ORIENTED_EDGE('',*,*,#2052,.T.);
#2815=ORIENTED_EDGE('',*,*,#2057,.F.);
#2816=ORIENTED_EDGE('',*,*,#2058,.F.);
#2817=ORIENTED_EDGE('',*,*,#2059,.T.);
#2818=ORIENTED_EDGE('',*,*,#2055,.T.);
#2819=ORIENTED_EDGE('',*,*,#1803,.F.);
#2820=ORIENTED_EDGE('',*,*,#2060,.F.);
#2821=ORIENTED_EDGE('',*,*,#2061,.T.);
#2822=ORIENTED_EDGE('',*,*,#2058,.T.);
#2823=ORIENTED_EDGE('',*,*,#2062,.F.);
#2824=ORIENTED_EDGE('',*,*,#2063,.F.);
#2825=ORIENTED_EDGE('',*,*,#1804,.F.);
#2826=ORIENTED_EDGE('',*,*,#2063,.T.);
#2827=ORIENTED_EDGE('',*,*,#2064,.F.);
#2828=ORIENTED_EDGE('',*,*,#1875,.F.);
#2829=ORIENTED_EDGE('',*,*,#1874,.F.);
#2830=ORIENTED_EDGE('',*,*,#2065,.T.);
#2831=ORIENTED_EDGE('',*,*,#2060,.T.);
#2832=ORIENTED_EDGE('',*,*,#1802,.F.);
#2833=ORIENTED_EDGE('',*,*,#2066,.T.);
#2834=ORIENTED_EDGE('',*,*,#2067,.F.);
#2835=ORIENTED_EDGE('',*,*,#2068,.F.);
#2836=ORIENTED_EDGE('',*,*,#1877,.T.);
#2837=ORIENTED_EDGE('',*,*,#2069,.T.);
#2838=ORIENTED_EDGE('',*,*,#2070,.F.);
#2839=ORIENTED_EDGE('',*,*,#2071,.F.);
#2840=ORIENTED_EDGE('',*,*,#2067,.T.);
#2841=ORIENTED_EDGE('',*,*,#1800,.T.);
#2842=ORIENTED_EDGE('',*,*,#2072,.T.);
#2843=ORIENTED_EDGE('',*,*,#2073,.T.);
#2844=ORIENTED_EDGE('',*,*,#2074,.T.);
#2845=ORIENTED_EDGE('',*,*,#2075,.F.);
#2846=ORIENTED_EDGE('',*,*,#2076,.T.);
#2847=ORIENTED_EDGE('',*,*,#2077,.T.);
#2848=ORIENTED_EDGE('',*,*,#2078,.F.);
#2849=ORIENTED_EDGE('',*,*,#2070,.T.);
#2850=ORIENTED_EDGE('',*,*,#2079,.F.);
#2851=ORIENTED_EDGE('',*,*,#2080,.T.);
#2852=ORIENTED_EDGE('',*,*,#2075,.T.);
#2853=ORIENTED_EDGE('',*,*,#2081,.T.);
#2854=ORIENTED_EDGE('',*,*,#2048,.F.);
#2855=ORIENTED_EDGE('',*,*,#2082,.T.);
#2856=ORIENTED_EDGE('',*,*,#2079,.T.);
#2857=ORIENTED_EDGE('',*,*,#2083,.T.);
#2858=ORIENTED_EDGE('',*,*,#2078,.T.);
#2859=ORIENTED_EDGE('',*,*,#2084,.T.);
#2860=ORIENTED_EDGE('',*,*,#2059,.F.);
#2861=ORIENTED_EDGE('',*,*,#2061,.F.);
#2862=ORIENTED_EDGE('',*,*,#2065,.F.);
#2863=ORIENTED_EDGE('',*,*,#1873,.T.);
#2864=ORIENTED_EDGE('',*,*,#2068,.T.);
#2865=ORIENTED_EDGE('',*,*,#2071,.T.);
#2866=ORIENTED_EDGE('',*,*,#2085,.F.);
#2867=ORIENTED_EDGE('',*,*,#2072,.F.);
#2868=ORIENTED_EDGE('',*,*,#2069,.F.);
#2869=ORIENTED_EDGE('',*,*,#2066,.F.);
#2870=ORIENTED_EDGE('',*,*,#1876,.F.);
#2871=ORIENTED_EDGE('',*,*,#2064,.T.);
#2872=ORIENTED_EDGE('',*,*,#2062,.T.);
#2873=ORIENTED_EDGE('',*,*,#2057,.T.);
#2874=ORIENTED_EDGE('',*,*,#2054,.T.);
#2875=ORIENTED_EDGE('',*,*,#2086,.F.);
#2876=ORIENTED_EDGE('',*,*,#2073,.F.);
#2877=ORIENTED_EDGE('',*,*,#2085,.T.);
#2878=ORIENTED_EDGE('',*,*,#2051,.T.);
#2879=ORIENTED_EDGE('',*,*,#2049,.T.);
#2880=ORIENTED_EDGE('',*,*,#2083,.F.);
#2881=ORIENTED_EDGE('',*,*,#2081,.F.);
#2882=ORIENTED_EDGE('',*,*,#2074,.F.);
#2883=ORIENTED_EDGE('',*,*,#2086,.T.);
#2884=ORIENTED_EDGE('',*,*,#2080,.F.);
#2885=ORIENTED_EDGE('',*,*,#2082,.F.);
#2886=ORIENTED_EDGE('',*,*,#2047,.T.);
#2887=ORIENTED_EDGE('',*,*,#2053,.T.);
#2888=ORIENTED_EDGE('',*,*,#2087,.F.);
#2889=ORIENTED_EDGE('',*,*,#2076,.F.);
#2890=ORIENTED_EDGE('',*,*,#2056,.T.);
#2891=ORIENTED_EDGE('',*,*,#2084,.F.);
#2892=ORIENTED_EDGE('',*,*,#2077,.F.);
#2893=ORIENTED_EDGE('',*,*,#2087,.T.);
#2894=ORIENTED_EDGE('',*,*,#1941,.T.);
#2895=ORIENTED_EDGE('',*,*,#1929,.T.);
#2896=ORIENTED_EDGE('',*,*,#1948,.T.);
#2897=ORIENTED_EDGE('',*,*,#1989,.T.);
#2898=ORIENTED_EDGE('',*,*,#1791,.T.);
#2899=ORIENTED_EDGE('',*,*,#1799,.F.);
#2900=ORIENTED_EDGE('',*,*,#1969,.F.);
#2901=ORIENTED_EDGE('',*,*,#1920,.F.);
#2902=ORIENTED_EDGE('',*,*,#1976,.F.);
#2903=ORIENTED_EDGE('',*,*,#1870,.F.);
#2904=ORIENTED_EDGE('',*,*,#1795,.T.);
#2905=ORIENTED_EDGE('',*,*,#1797,.F.);
#2906=ORIENTED_EDGE('',*,*,#2088,.F.);
#2907=ORIENTED_EDGE('',*,*,#1909,.T.);
#2908=ORIENTED_EDGE('',*,*,#1863,.T.);
#2909=ORIENTED_EDGE('',*,*,#1984,.F.);
#2910=ORIENTED_EDGE('',*,*,#1983,.T.);
#2911=ORIENTED_EDGE('',*,*,#2040,.T.);
#2912=ORIENTED_EDGE('',*,*,#1910,.T.);
#2913=ORIENTED_EDGE('',*,*,#2088,.T.);
#2914=ORIENTED_EDGE('',*,*,#2089,.F.);
#2915=ORIENTED_EDGE('',*,*,#1985,.T.);
#2916=ORIENTED_EDGE('',*,*,#1861,.T.);
#2917=ORIENTED_EDGE('',*,*,#1908,.F.);
#2918=ORIENTED_EDGE('',*,*,#1907,.T.);
#2919=ORIENTED_EDGE('',*,*,#2038,.T.);
#2920=ORIENTED_EDGE('',*,*,#1986,.T.);
#2921=ORIENTED_EDGE('',*,*,#2089,.T.);
#2922=ORIENTED_EDGE('',*,*,#2090,.F.);
#2923=ORIENTED_EDGE('',*,*,#1901,.T.);
#2924=ORIENTED_EDGE('',*,*,#1859,.T.);
#2925=ORIENTED_EDGE('',*,*,#1925,.F.);
#2926=ORIENTED_EDGE('',*,*,#1924,.T.);
#2927=ORIENTED_EDGE('',*,*,#2044,.T.);
#2928=ORIENTED_EDGE('',*,*,#1902,.T.);
#2929=ORIENTED_EDGE('',*,*,#2090,.T.);
#2930=ORIENTED_EDGE('',*,*,#2091,.F.);
#2931=ORIENTED_EDGE('',*,*,#1926,.T.);
#2932=ORIENTED_EDGE('',*,*,#1857,.T.);
#2933=ORIENTED_EDGE('',*,*,#1900,.F.);
#2934=ORIENTED_EDGE('',*,*,#1899,.T.);
#2935=ORIENTED_EDGE('',*,*,#2042,.T.);
#2936=ORIENTED_EDGE('',*,*,#1927,.T.);
#2937=ORIENTED_EDGE('',*,*,#2091,.T.);
#2938=ORIENTED_EDGE('',*,*,#1897,.F.);
#2939=ORIENTED_EDGE('',*,*,#1881,.F.);
#2940=ORIENTED_EDGE('',*,*,#2092,.F.);
#2941=ORIENTED_EDGE('',*,*,#2041,.F.);
#2942=ORIENTED_EDGE('',*,*,#2092,.T.);
#2943=ORIENTED_EDGE('',*,*,#1880,.F.);
#2944=ORIENTED_EDGE('',*,*,#2093,.F.);
#2945=ORIENTED_EDGE('',*,*,#1918,.F.);
#2946=ORIENTED_EDGE('',*,*,#2093,.T.);
#2947=ORIENTED_EDGE('',*,*,#1879,.F.);
#2948=ORIENTED_EDGE('',*,*,#1866,.F.);
#2949=ORIENTED_EDGE('',*,*,#1974,.F.);
#2950=ORIENTED_EDGE('',*,*,#1904,.F.);
#2951=ORIENTED_EDGE('',*,*,#2043,.F.);
#2952=ORIENTED_EDGE('',*,*,#2094,.F.);
#2953=ORIENTED_EDGE('',*,*,#1890,.F.);
#2954=ORIENTED_EDGE('',*,*,#2094,.T.);
#2955=ORIENTED_EDGE('',*,*,#1922,.F.);
#2956=ORIENTED_EDGE('',*,*,#2095,.F.);
#2957=ORIENTED_EDGE('',*,*,#1883,.F.);
#2958=ORIENTED_EDGE('',*,*,#1868,.F.);
#2959=ORIENTED_EDGE('',*,*,#1884,.F.);
#2960=ORIENTED_EDGE('',*,*,#2095,.T.);
#2961=ORIENTED_EDGE('',*,*,#1968,.F.);
#2962=ORIENTED_EDGE('',*,*,#1912,.F.);
#2963=ORIENTED_EDGE('',*,*,#2039,.F.);
#2964=ORIENTED_EDGE('',*,*,#2096,.F.);
#2965=ORIENTED_EDGE('',*,*,#1957,.F.);
#2966=ORIENTED_EDGE('',*,*,#2096,.T.);
#2967=ORIENTED_EDGE('',*,*,#1981,.F.);
#2968=ORIENTED_EDGE('',*,*,#2097,.F.);
#2969=ORIENTED_EDGE('',*,*,#1954,.F.);
#2970=ORIENTED_EDGE('',*,*,#1933,.F.);
#2971=ORIENTED_EDGE('',*,*,#1955,.F.);
#2972=ORIENTED_EDGE('',*,*,#2097,.T.);
#2973=ORIENTED_EDGE('',*,*,#1946,.F.);
#2974=ORIENTED_EDGE('',*,*,#1905,.F.);
#2975=ORIENTED_EDGE('',*,*,#1888,.F.);
#2976=ORIENTED_EDGE('',*,*,#2098,.F.);
#2977=ORIENTED_EDGE('',*,*,#2037,.F.);
#2978=ORIENTED_EDGE('',*,*,#2098,.T.);
#2979=ORIENTED_EDGE('',*,*,#1887,.F.);
#2980=ORIENTED_EDGE('',*,*,#2099,.F.);
#2981=ORIENTED_EDGE('',*,*,#1988,.F.);
#2982=ORIENTED_EDGE('',*,*,#2099,.T.);
#2983=ORIENTED_EDGE('',*,*,#1886,.F.);
#2984=ORIENTED_EDGE('',*,*,#1931,.F.);
#2985=ORIENTED_EDGE('',*,*,#1940,.F.);
#2986=ORIENTED_EDGE('',*,*,#1964,.F.);
#2987=ORIENTED_EDGE('',*,*,#2100,.F.);
#2988=ORIENTED_EDGE('',*,*,#2101,.T.);
#2989=ORIENTED_EDGE('',*,*,#2102,.T.);
#2990=ORIENTED_EDGE('',*,*,#1963,.F.);
#2991=ORIENTED_EDGE('',*,*,#1852,.F.);
#2992=ORIENTED_EDGE('',*,*,#2103,.T.);
#2993=ORIENTED_EDGE('',*,*,#2100,.T.);
#2994=ORIENTED_EDGE('',*,*,#1966,.F.);
#2995=ORIENTED_EDGE('',*,*,#1785,.F.);
#2996=ORIENTED_EDGE('',*,*,#2104,.T.);
#2997=ORIENTED_EDGE('',*,*,#1850,.T.);
#2998=ORIENTED_EDGE('',*,*,#1965,.F.);
#2999=ORIENTED_EDGE('',*,*,#2102,.F.);
#3000=ORIENTED_EDGE('',*,*,#2105,.T.);
#3001=ORIENTED_EDGE('',*,*,#1787,.T.);
#3002=ORIENTED_EDGE('',*,*,#2101,.F.);
#3003=ORIENTED_EDGE('',*,*,#2103,.F.);
#3004=ORIENTED_EDGE('',*,*,#1851,.F.);
#3005=ORIENTED_EDGE('',*,*,#2104,.F.);
#3006=ORIENTED_EDGE('',*,*,#1784,.F.);
#3007=ORIENTED_EDGE('',*,*,#2105,.F.);
#3008=ORIENTED_EDGE('',*,*,#1779,.T.);
#3009=ORIENTED_EDGE('',*,*,#2106,.T.);
#3010=ORIENTED_EDGE('',*,*,#1836,.T.);
#3011=ORIENTED_EDGE('',*,*,#2107,.T.);
#3012=ORIENTED_EDGE('',*,*,#2108,.T.);
#3013=ORIENTED_EDGE('',*,*,#1975,.T.);
#3014=ORIENTED_EDGE('',*,*,#2109,.T.);
#3015=ORIENTED_EDGE('',*,*,#1959,.T.);
#3016=ORIENTED_EDGE('',*,*,#1781,.F.);
#3017=ORIENTED_EDGE('',*,*,#1864,.F.);
#3018=ORIENTED_EDGE('',*,*,#1783,.T.);
#3019=ORIENTED_EDGE('',*,*,#1958,.T.);
#3020=ORIENTED_EDGE('',*,*,#1837,.F.);
#3021=ORIENTED_EDGE('',*,*,#2106,.F.);
#3022=ORIENTED_EDGE('',*,*,#1835,.T.);
#3023=ORIENTED_EDGE('',*,*,#1961,.T.);
#3024=ORIENTED_EDGE('',*,*,#2110,.F.);
#3025=ORIENTED_EDGE('',*,*,#2107,.F.);
#3026=ORIENTED_EDGE('',*,*,#2110,.T.);
#3027=ORIENTED_EDGE('',*,*,#1960,.T.);
#3028=ORIENTED_EDGE('',*,*,#2109,.F.);
#3029=ORIENTED_EDGE('',*,*,#1872,.F.);
#3030=ORIENTED_EDGE('',*,*,#2108,.F.);
#3031=ORIENTED_EDGE('',*,*,#1896,.F.);
#3032=ORIENTED_EDGE('',*,*,#2111,.F.);
#3033=ORIENTED_EDGE('',*,*,#2112,.T.);
#3034=ORIENTED_EDGE('',*,*,#1828,.T.);
#3035=ORIENTED_EDGE('',*,*,#1895,.F.);
#3036=ORIENTED_EDGE('',*,*,#2113,.F.);
#3037=ORIENTED_EDGE('',*,*,#2114,.T.);
#3038=ORIENTED_EDGE('',*,*,#2111,.T.);
#3039=ORIENTED_EDGE('',*,*,#1894,.F.);
#3040=ORIENTED_EDGE('',*,*,#1776,.F.);
#3041=ORIENTED_EDGE('',*,*,#2115,.T.);
#3042=ORIENTED_EDGE('',*,*,#2113,.T.);
#3043=ORIENTED_EDGE('',*,*,#1893,.F.);
#3044=ORIENTED_EDGE('',*,*,#1830,.F.);
#3045=ORIENTED_EDGE('',*,*,#2116,.T.);
#3046=ORIENTED_EDGE('',*,*,#1778,.T.);
#3047=ORIENTED_EDGE('',*,*,#2112,.F.);
#3048=ORIENTED_EDGE('',*,*,#2114,.F.);
#3049=ORIENTED_EDGE('',*,*,#2115,.F.);
#3050=ORIENTED_EDGE('',*,*,#1775,.F.);
#3051=ORIENTED_EDGE('',*,*,#2116,.F.);
#3052=ORIENTED_EDGE('',*,*,#1829,.F.);
#3053=ORIENTED_EDGE('',*,*,#2117,.T.);
#3054=ORIENTED_EDGE('',*,*,#1844,.T.);
#3055=ORIENTED_EDGE('',*,*,#2118,.T.);
#3056=ORIENTED_EDGE('',*,*,#1771,.T.);
#3057=ORIENTED_EDGE('',*,*,#2119,.T.);
#3058=ORIENTED_EDGE('',*,*,#2120,.T.);
#3059=ORIENTED_EDGE('',*,*,#1843,.T.);
#3060=ORIENTED_EDGE('',*,*,#1891,.T.);
#3061=ORIENTED_EDGE('',*,*,#1772,.F.);
#3062=ORIENTED_EDGE('',*,*,#2118,.F.);
#3063=ORIENTED_EDGE('',*,*,#1774,.T.);
#3064=ORIENTED_EDGE('',*,*,#1916,.T.);
#3065=ORIENTED_EDGE('',*,*,#2121,.F.);
#3066=ORIENTED_EDGE('',*,*,#2119,.F.);
#3067=ORIENTED_EDGE('',*,*,#2121,.T.);
#3068=ORIENTED_EDGE('',*,*,#1915,.T.);
#3069=ORIENTED_EDGE('',*,*,#2122,.F.);
#3070=ORIENTED_EDGE('',*,*,#2120,.F.);
#3071=ORIENTED_EDGE('',*,*,#2122,.T.);
#3072=ORIENTED_EDGE('',*,*,#1914,.T.);
#3073=ORIENTED_EDGE('',*,*,#1845,.F.);
#3074=ORIENTED_EDGE('',*,*,#2117,.F.);
#3075=PLANE('',#3439);
#3076=PLANE('',#3440);
#3077=PLANE('',#3441);
#3078=PLANE('',#3442);
#3079=PLANE('',#3443);
#3080=PLANE('',#3444);
#3081=PLANE('',#3445);
#3082=PLANE('',#3446);
#3083=PLANE('',#3447);
#3084=PLANE('',#3448);
#3085=PLANE('',#3449);
#3086=PLANE('',#3450);
#3087=PLANE('',#3451);
#3088=PLANE('',#3452);
#3089=PLANE('',#3453);
#3090=PLANE('',#3454);
#3091=PLANE('',#3455);
#3092=PLANE('',#3456);
#3093=PLANE('',#3457);
#3094=PLANE('',#3458);
#3095=PLANE('',#3459);
#3096=PLANE('',#3460);
#3097=PLANE('',#3461);
#3098=PLANE('',#3462);
#3099=PLANE('',#3463);
#3100=PLANE('',#3464);
#3101=PLANE('',#3465);
#3102=PLANE('',#3466);
#3103=PLANE('',#3467);
#3104=PLANE('',#3468);
#3105=PLANE('',#3469);
#3106=PLANE('',#3470);
#3107=PLANE('',#3471);
#3108=PLANE('',#3472);
#3109=PLANE('',#3473);
#3110=PLANE('',#3474);
#3111=PLANE('',#3475);
#3112=PLANE('',#3476);
#3113=PLANE('',#3492);
#3114=PLANE('',#3493);
#3115=PLANE('',#3494);
#3116=PLANE('',#3496);
#3117=PLANE('',#3498);
#3118=PLANE('',#3499);
#3119=PLANE('',#3500);
#3120=PLANE('',#3516);
#3121=PLANE('',#3517);
#3122=PLANE('',#3518);
#3123=PLANE('',#3520);
#3124=PLANE('',#3521);
#3125=PLANE('',#3522);
#3126=PLANE('',#3523);
#3127=PLANE('',#3578);
#3128=PLANE('',#3579);
#3129=PLANE('',#3580);
#3130=PLANE('',#3581);
#3131=PLANE('',#3582);
#3132=PLANE('',#3584);
#3133=PLANE('',#3585);
#3134=PLANE('',#3586);
#3135=PLANE('',#3589);
#3136=PLANE('',#3590);
#3137=PLANE('',#3591);
#3138=PLANE('',#3592);
#3139=PLANE('',#3593);
#3140=PLANE('',#3594);
#3141=PLANE('',#3595);
#3142=PLANE('',#3598);
#3143=PLANE('',#3599);
#3144=PLANE('',#3600);
#3145=PLANE('',#3601);
#3146=PLANE('',#3602);
#3147=PLANE('',#3603);
#3148=PLANE('',#3604);
#3149=PLANE('',#3605);
#3150=PLANE('',#3606);
#3151=PLANE('',#3607);
#3152=PLANE('',#3608);
#3153=PLANE('',#3609);
#3154=PLANE('',#3613);
#3155=PLANE('',#3617);
#3156=PLANE('',#3618);
#3157=PLANE('',#3619);
#3158=PLANE('',#3620);
#3159=PLANE('',#3621);
#3160=PLANE('',#3622);
#3161=PLANE('',#3623);
#3162=PLANE('',#3624);
#3163=PLANE('',#3625);
#3164=PLANE('',#3626);
#3165=PLANE('',#3627);
#3166=PLANE('',#3628);
#3167=PLANE('',#3629);
#3168=PLANE('',#3630);
#3169=PLANE('',#3631);
#3170=PLANE('',#3632);
#3171=PLANE('',#3633);
#3172=PLANE('',#3634);
#3173=PLANE('',#3635);
#3174=PLANE('',#3636);
#3175=PLANE('',#3637);
#3176=PLANE('',#3638);
#3177=PLANE('',#3642);
#3178=PLANE('',#3646);
#3179=PLANE('',#3647);
#3180=PLANE('',#3648);
#3181=PLANE('',#3649);
#3182=PLANE('',#3650);
#3183=PLANE('',#3651);
#3184=PLANE('',#3652);
#3185=PLANE('',#3653);
#3186=PLANE('',#3654);
#3187=PLANE('',#3655);
#3188=PLANE('',#3656);
#3189=PLANE('',#3657);
#3190=PLANE('',#3658);
#3191=PLANE('',#3659);
#3192=PLANE('',#3660);
#3193=PLANE('',#3661);
#3194=PLANE('',#3662);
#3195=PLANE('',#3663);
#3196=PLANE('',#3664);
#3197=PLANE('',#3665);
#3198=PLANE('',#3666);
#3199=PLANE('',#3667);
#3200=PLANE('',#3668);
#3201=PLANE('',#3669);
#3202=PLANE('',#3670);
#3203=PLANE('',#3671);
#3204=PLANE('',#3672);
#3205=PLANE('',#3673);
#3206=PLANE('',#3674);
#3207=PLANE('',#3675);
#3208=PLANE('',#3676);
#3209=PLANE('',#3677);
#3210=PLANE('',#3678);
#3211=PLANE('',#3679);
#3212=PLANE('',#3680);
#3213=PLANE('',#3681);
#3214=PLANE('',#3682);
#3215=PLANE('',#3685);
#3216=PLANE('',#3686);
#3217=PLANE('',#3687);
#3218=PLANE('',#3688);
#3219=PLANE('',#3689);
#3220=PLANE('',#3691);
#3221=PLANE('',#3692);
#3222=PLANE('',#3693);
#3223=PLANE('',#3695);
#3224=PLANE('',#3698);
#3225=PLANE('',#3699);
#3226=PLANE('',#3700);
#3227=PLANE('',#3701);
#3228=PLANE('',#3703);
#3229=PLANE('',#3704);
#3230=PLANE('',#3706);
#3231=ADVANCED_FACE('',(#165,#143),#3075,.F.);
#3232=ADVANCED_FACE('',(#166),#3076,.F.);
#3233=ADVANCED_FACE('',(#167),#3077,.F.);
#3234=ADVANCED_FACE('',(#168),#3078,.F.);
#3235=ADVANCED_FACE('',(#169),#3079,.F.);
#3236=ADVANCED_FACE('',(#170),#3080,.T.);
#3237=ADVANCED_FACE('',(#171),#3081,.T.);
#3238=ADVANCED_FACE('',(#172),#3082,.T.);
#3239=ADVANCED_FACE('',(#173),#3083,.T.);
#3240=ADVANCED_FACE('',(#174),#3084,.T.);
#3241=ADVANCED_FACE('',(#175),#3085,.T.);
#3242=ADVANCED_FACE('',(#176),#3086,.T.);
#3243=ADVANCED_FACE('',(#177),#3087,.F.);
#3244=ADVANCED_FACE('',(#178),#3088,.F.);
#3245=ADVANCED_FACE('',(#179),#3089,.F.);
#3246=ADVANCED_FACE('',(#180),#3090,.F.);
#3247=ADVANCED_FACE('',(#181),#3091,.F.);
#3248=ADVANCED_FACE('',(#182),#3092,.F.);
#3249=ADVANCED_FACE('',(#183),#3093,.F.);
#3250=ADVANCED_FACE('',(#184,#144),#3094,.F.);
#3251=ADVANCED_FACE('',(#185),#3095,.F.);
#3252=ADVANCED_FACE('',(#186),#3096,.F.);
#3253=ADVANCED_FACE('',(#187),#3097,.F.);
#3254=ADVANCED_FACE('',(#188),#3098,.F.);
#3255=ADVANCED_FACE('',(#189),#3099,.T.);
#3256=ADVANCED_FACE('',(#190),#3100,.T.);
#3257=ADVANCED_FACE('',(#191),#3101,.T.);
#3258=ADVANCED_FACE('',(#192),#3102,.T.);
#3259=ADVANCED_FACE('',(#193),#3103,.T.);
#3260=ADVANCED_FACE('',(#194),#3104,.F.);
#3261=ADVANCED_FACE('',(#195),#3105,.F.);
#3262=ADVANCED_FACE('',(#196),#3106,.F.);
#3263=ADVANCED_FACE('',(#197),#3107,.T.);
#3264=ADVANCED_FACE('',(#198),#3108,.F.);
#3265=ADVANCED_FACE('',(#199),#3109,.T.);
#3266=ADVANCED_FACE('',(#200),#3110,.T.);
#3267=ADVANCED_FACE('',(#201),#3111,.T.);
#3268=ADVANCED_FACE('',(#202),#3112,.T.);
#3269=ADVANCED_FACE('',(#203),#127,.T.);
#3270=ADVANCED_FACE('',(#204),#23,.T.);
#3271=ADVANCED_FACE('',(#205),#24,.T.);
#3272=ADVANCED_FACE('',(#206),#128,.T.);
#3273=ADVANCED_FACE('',(#207),#3113,.T.);
#3274=ADVANCED_FACE('',(#208,#145),#3114,.F.);
#3275=ADVANCED_FACE('',(#209),#3115,.T.);
#3276=ADVANCED_FACE('',(#210),#3116,.T.);
#3277=ADVANCED_FACE('',(#211),#129,.T.);
#3278=ADVANCED_FACE('',(#212),#3117,.F.);
#3279=ADVANCED_FACE('',(#213),#3118,.F.);
#3280=ADVANCED_FACE('',(#214),#3119,.T.);
#3281=ADVANCED_FACE('',(#215),#130,.T.);
#3282=ADVANCED_FACE('',(#216),#131,.T.);
#3283=ADVANCED_FACE('',(#217),#25,.T.);
#3284=ADVANCED_FACE('',(#218),#26,.T.);
#3285=ADVANCED_FACE('',(#219),#3120,.T.);
#3286=ADVANCED_FACE('',(#220,#146),#3121,.F.);
#3287=ADVANCED_FACE('',(#221),#3122,.T.);
#3288=ADVANCED_FACE('',(#222),#3123,.T.);
#3289=ADVANCED_FACE('',(#223),#3124,.F.);
#3290=ADVANCED_FACE('',(#224),#3125,.F.);
#3291=ADVANCED_FACE('',(#225),#3126,.T.);
#3292=ADVANCED_FACE('',(#226),#132,.T.);
#3293=ADVANCED_FACE('',(#227),#27,.F.);
#3294=ADVANCED_FACE('',(#228),#28,.T.);
#3295=ADVANCED_FACE('',(#229),#29,.F.);
#3296=ADVANCED_FACE('',(#230),#30,.T.);
#3297=ADVANCED_FACE('',(#231),#13,.F.);
#3298=ADVANCED_FACE('',(#232),#14,.F.);
#3299=ADVANCED_FACE('',(#233),#31,.F.);
#3300=ADVANCED_FACE('',(#234),#32,.F.);
#3301=ADVANCED_FACE('',(#235),#33,.F.);
#3302=ADVANCED_FACE('',(#236),#34,.F.);
#3303=ADVANCED_FACE('',(#237),#35,.F.);
#3304=ADVANCED_FACE('',(#238),#36,.F.);
#3305=ADVANCED_FACE('',(#239),#37,.F.);
#3306=ADVANCED_FACE('',(#240),#38,.F.);
#3307=ADVANCED_FACE('',(#241),#39,.F.);
#3308=ADVANCED_FACE('',(#242),#40,.F.);
#3309=ADVANCED_FACE('',(#243),#3127,.F.);
#3310=ADVANCED_FACE('',(#244),#3128,.F.);
#3311=ADVANCED_FACE('',(#245),#3129,.T.);
#3312=ADVANCED_FACE('',(#246),#3130,.T.);
#3313=ADVANCED_FACE('',(#247,#147),#3131,.F.);
#3314=ADVANCED_FACE('',(#248),#3132,.F.);
#3315=ADVANCED_FACE('',(#249),#3133,.F.);
#3316=ADVANCED_FACE('',(#250),#3134,.T.);
#3317=ADVANCED_FACE('',(#251),#3135,.F.);
#3318=ADVANCED_FACE('',(#252,#148),#3136,.F.);
#3319=ADVANCED_FACE('',(#253,#149),#3137,.F.);
#3320=ADVANCED_FACE('',(#254,#150),#3138,.F.);
#3321=ADVANCED_FACE('',(#255),#3139,.F.);
#3322=ADVANCED_FACE('',(#256),#3140,.F.);
#3323=ADVANCED_FACE('',(#257,#151,#152),#3141,.F.);
#3324=ADVANCED_FACE('',(#258),#3142,.F.);
#3325=ADVANCED_FACE('',(#259),#3143,.F.);
#3326=ADVANCED_FACE('',(#260,#153),#3144,.T.);
#3327=ADVANCED_FACE('',(#261,#154),#3145,.T.);
#3328=ADVANCED_FACE('',(#262,#155),#3146,.F.);
#3329=ADVANCED_FACE('',(#263,#156),#3147,.F.);
#3330=ADVANCED_FACE('',(#264),#3148,.F.);
#3331=ADVANCED_FACE('',(#265,#157),#3149,.F.);
#3332=ADVANCED_FACE('',(#266),#3150,.F.);
#3333=ADVANCED_FACE('',(#267,#158),#3151,.F.);
#3334=ADVANCED_FACE('',(#268),#3152,.F.);
#3335=ADVANCED_FACE('',(#269),#3153,.T.);
#3336=ADVANCED_FACE('',(#270),#41,.T.);
#3337=ADVANCED_FACE('',(#271),#3154,.T.);
#3338=ADVANCED_FACE('',(#272),#42,.T.);
#3339=ADVANCED_FACE('',(#273),#3155,.T.);
#3340=ADVANCED_FACE('',(#274),#3156,.T.);
#3341=ADVANCED_FACE('',(#275),#3157,.F.);
#3342=ADVANCED_FACE('',(#276,#159),#3158,.F.);
#3343=ADVANCED_FACE('',(#277),#3159,.F.);
#3344=ADVANCED_FACE('',(#278),#3160,.F.);
#3345=ADVANCED_FACE('',(#279),#3161,.F.);
#3346=ADVANCED_FACE('',(#280),#3162,.F.);
#3347=ADVANCED_FACE('',(#281),#3163,.T.);
#3348=ADVANCED_FACE('',(#282,#160),#3164,.T.);
#3349=ADVANCED_FACE('',(#283),#3165,.T.);
#3350=ADVANCED_FACE('',(#284,#161),#3166,.T.);
#3351=ADVANCED_FACE('',(#285),#3167,.T.);
#3352=ADVANCED_FACE('',(#286),#3168,.F.);
#3353=ADVANCED_FACE('',(#287),#3169,.F.);
#3354=ADVANCED_FACE('',(#288),#3170,.T.);
#3355=ADVANCED_FACE('',(#289),#3171,.T.);
#3356=ADVANCED_FACE('',(#290),#3172,.F.);
#3357=ADVANCED_FACE('',(#291),#3173,.F.);
#3358=ADVANCED_FACE('',(#292),#3174,.F.);
#3359=ADVANCED_FACE('',(#293),#3175,.F.);
#3360=ADVANCED_FACE('',(#294),#3176,.T.);
#3361=ADVANCED_FACE('',(#295),#43,.T.);
#3362=ADVANCED_FACE('',(#296),#3177,.T.);
#3363=ADVANCED_FACE('',(#297),#44,.T.);
#3364=ADVANCED_FACE('',(#298),#3178,.T.);
#3365=ADVANCED_FACE('',(#299),#3179,.T.);
#3366=ADVANCED_FACE('',(#300),#3180,.F.);
#3367=ADVANCED_FACE('',(#301,#162),#3181,.F.);
#3368=ADVANCED_FACE('',(#302),#3182,.F.);
#3369=ADVANCED_FACE('',(#303),#3183,.F.);
#3370=ADVANCED_FACE('',(#304),#3184,.F.);
#3371=ADVANCED_FACE('',(#305),#3185,.F.);
#3372=ADVANCED_FACE('',(#306),#3186,.T.);
#3373=ADVANCED_FACE('',(#307),#3187,.F.);
#3374=ADVANCED_FACE('',(#308),#3188,.F.);
#3375=ADVANCED_FACE('',(#309),#3189,.F.);
#3376=ADVANCED_FACE('',(#310),#3190,.F.);
#3377=ADVANCED_FACE('',(#311,#163),#3191,.T.);
#3378=ADVANCED_FACE('',(#312),#3192,.T.);
#3379=ADVANCED_FACE('',(#313,#164),#3193,.T.);
#3380=ADVANCED_FACE('',(#314),#3194,.F.);
#3381=ADVANCED_FACE('',(#315),#3195,.F.);
#3382=ADVANCED_FACE('',(#316),#3196,.T.);
#3383=ADVANCED_FACE('',(#317),#3197,.F.);
#3384=ADVANCED_FACE('',(#318),#3198,.T.);
#3385=ADVANCED_FACE('',(#319),#3199,.F.);
#3386=ADVANCED_FACE('',(#320),#3200,.T.);
#3387=ADVANCED_FACE('',(#321),#3201,.F.);
#3388=ADVANCED_FACE('',(#322),#3202,.T.);
#3389=ADVANCED_FACE('',(#323),#3203,.T.);
#3390=ADVANCED_FACE('',(#324),#3204,.F.);
#3391=ADVANCED_FACE('',(#325),#3205,.F.);
#3392=ADVANCED_FACE('',(#326),#3206,.T.);
#3393=ADVANCED_FACE('',(#327),#3207,.F.);
#3394=ADVANCED_FACE('',(#328),#3208,.F.);
#3395=ADVANCED_FACE('',(#329),#3209,.F.);
#3396=ADVANCED_FACE('',(#330),#3210,.F.);
#3397=ADVANCED_FACE('',(#331),#3211,.F.);
#3398=ADVANCED_FACE('',(#332),#3212,.F.);
#3399=ADVANCED_FACE('',(#333),#3213,.F.);
#3400=ADVANCED_FACE('',(#334),#3214,.F.);
#3401=ADVANCED_FACE('',(#335),#45,.T.);
#3402=ADVANCED_FACE('',(#336),#3215,.T.);
#3403=ADVANCED_FACE('',(#337),#3216,.T.);
#3404=ADVANCED_FACE('',(#338),#3217,.T.);
#3405=ADVANCED_FACE('',(#339),#3218,.T.);
#3406=ADVANCED_FACE('',(#340),#3219,.F.);
#3407=ADVANCED_FACE('',(#341),#3220,.F.);
#3408=ADVANCED_FACE('',(#342),#3221,.F.);
#3409=ADVANCED_FACE('',(#343),#3222,.F.);
#3410=ADVANCED_FACE('',(#344),#46,.F.);
#3411=ADVANCED_FACE('',(#345),#3223,.T.);
#3412=ADVANCED_FACE('',(#346),#47,.T.);
#3413=ADVANCED_FACE('',(#347),#3224,.T.);
#3414=ADVANCED_FACE('',(#348),#3225,.T.);
#3415=ADVANCED_FACE('',(#349),#3226,.T.);
#3416=ADVANCED_FACE('',(#350),#3227,.F.);
#3417=ADVANCED_FACE('',(#351),#3228,.F.);
#3418=ADVANCED_FACE('',(#352),#3229,.F.);
#3419=ADVANCED_FACE('',(#353),#48,.F.);
#3420=ADVANCED_FACE('',(#354),#3230,.F.);
#3421=CLOSED_SHELL('',(#3231,#3232,#3233,#3234,#3235,#3236,#3237,#3238,
#3239,#3240,#3241,#3242,#3243,#3244,#3245,#3246,#3247,#3248,#3249));
#3422=CLOSED_SHELL('',(#3250,#3251,#3252,#3253,#3254,#3255,#3256,#3257,
#3258,#3259,#3260,#3261,#3262,#3263,#3264,#3265,#3266,#3267,#3268));
#3423=CLOSED_SHELL('',(#3269,#3270,#3271,#3272,#3273,#3274,#3275,#3276,
#3277,#3278,#3279,#3280));
#3424=CLOSED_SHELL('',(#3281,#3282,#3283,#3284,#3285,#3286,#3287,#3288,
#3289,#3290,#3291,#3292));
#3425=CLOSED_SHELL('',(#3293,#3294,#3295,#3296,#3297,#3298,#3299,#3300,
#3301,#3302,#3303,#3304,#3305,#3306,#3307,#3308,#3309,#3310,#3311,#3312,
#3313,#3314,#3315,#3316,#3317,#3318,#3319,#3320,#3321,#3322,#3323,#3324,
#3325,#3326,#3327,#3328,#3329,#3330,#3331,#3332,#3333,#3334,#3335,#3336,
#3337,#3338,#3339,#3340,#3341,#3342,#3343,#3344,#3345,#3346,#3347,#3348,
#3349,#3350,#3351,#3352,#3353,#3354,#3355,#3356,#3357,#3358,#3359,#3360,
#3361,#3362,#3363,#3364,#3365,#3366,#3367,#3368,#3369,#3370,#3371,#3372,
#3373,#3374,#3375,#3376,#3377,#3378,#3379,#3380,#3381,#3382,#3383,#3384,
#3385,#3386,#3387,#3388,#3389,#3390,#3391,#3392,#3393,#3394,#3395,#3396,
#3397,#3398,#3399,#3400,#3401,#3402,#3403,#3404,#3405,#3406,#3407,#3408,
#3409,#3410,#3411,#3412,#3413,#3414,#3415,#3416,#3417,#3418,#3419,#3420));
#3426=DERIVED_UNIT_ELEMENT(#3428,1.);
#3427=DERIVED_UNIT_ELEMENT(#5679,-3.);
#3428=(
MASS_UNIT()
NAMED_UNIT(*)
SI_UNIT(.KILO.,.GRAM.)
);
#3429=DERIVED_UNIT((#3426,#3427));
#3430=MEASURE_REPRESENTATION_ITEM('density measure',
POSITIVE_RATIO_MEASURE(7850.),#3429);
#3431=PROPERTY_DEFINITION_REPRESENTATION(#3436,#3433);
#3432=PROPERTY_DEFINITION_REPRESENTATION(#3437,#3434);
#3433=REPRESENTATION('material name',(#3435),#5676);
#3434=REPRESENTATION('density',(#3430),#5676);
#3435=DESCRIPTIVE_REPRESENTATION_ITEM('Steel','Steel');
#3436=PROPERTY_DEFINITION('material property','material name',#5686);
#3437=PROPERTY_DEFINITION('material property','density of part',#5686);
#3438=AXIS2_PLACEMENT_3D('',#4635,#3707,#3708);
#3439=AXIS2_PLACEMENT_3D('',#4636,#3709,#3710);
#3440=AXIS2_PLACEMENT_3D('',#4653,#3719,#3720);
#3441=AXIS2_PLACEMENT_3D('',#4659,#3724,#3725);
#3442=AXIS2_PLACEMENT_3D('',#4668,#3730,#3731);
#3443=AXIS2_PLACEMENT_3D('',#4674,#3735,#3736);
#3444=AXIS2_PLACEMENT_3D('',#4676,#3738,#3739);
#3445=AXIS2_PLACEMENT_3D('',#4678,#3741,#3742);
#3446=AXIS2_PLACEMENT_3D('',#4684,#3746,#3747);
#3447=AXIS2_PLACEMENT_3D('',#4688,#3750,#3751);
#3448=AXIS2_PLACEMENT_3D('',#4692,#3754,#3755);
#3449=AXIS2_PLACEMENT_3D('',#4694,#3757,#3758);
#3450=AXIS2_PLACEMENT_3D('',#4703,#3763,#3764);
#3451=AXIS2_PLACEMENT_3D('',#4706,#3767,#3768);
#3452=AXIS2_PLACEMENT_3D('',#4708,#3770,#3771);
#3453=AXIS2_PLACEMENT_3D('',#4710,#3773,#3774);
#3454=AXIS2_PLACEMENT_3D('',#4711,#3775,#3776);
#3455=AXIS2_PLACEMENT_3D('',#4714,#3779,#3780);
#3456=AXIS2_PLACEMENT_3D('',#4716,#3782,#3783);
#3457=AXIS2_PLACEMENT_3D('',#4718,#3785,#3786);
#3458=AXIS2_PLACEMENT_3D('',#4719,#3787,#3788);
#3459=AXIS2_PLACEMENT_3D('',#4736,#3797,#3798);
#3460=AXIS2_PLACEMENT_3D('',#4742,#3802,#3803);
#3461=AXIS2_PLACEMENT_3D('',#4751,#3808,#3809);
#3462=AXIS2_PLACEMENT_3D('',#4757,#3813,#3814);
#3463=AXIS2_PLACEMENT_3D('',#4759,#3816,#3817);
#3464=AXIS2_PLACEMENT_3D('',#4761,#3819,#3820);
#3465=AXIS2_PLACEMENT_3D('',#4767,#3824,#3825);
#3466=AXIS2_PLACEMENT_3D('',#4771,#3828,#3829);
#3467=AXIS2_PLACEMENT_3D('',#4775,#3832,#3833);
#3468=AXIS2_PLACEMENT_3D('',#4777,#3835,#3836);
#3469=AXIS2_PLACEMENT_3D('',#4786,#3841,#3842);
#3470=AXIS2_PLACEMENT_3D('',#4789,#3845,#3846);
#3471=AXIS2_PLACEMENT_3D('',#4791,#3848,#3849);
#3472=AXIS2_PLACEMENT_3D('',#4793,#3851,#3852);
#3473=AXIS2_PLACEMENT_3D('',#4794,#3853,#3854);
#3474=AXIS2_PLACEMENT_3D('',#4797,#3857,#3858);
#3475=AXIS2_PLACEMENT_3D('',#4799,#3860,#3861);
#3476=AXIS2_PLACEMENT_3D('',#4801,#3863,#3864);
#3477=AXIS2_PLACEMENT_3D('',#4802,#3865,#3866);
#3478=AXIS2_PLACEMENT_3D('',#4804,#3867,#3868);
#3479=AXIS2_PLACEMENT_3D('',#4806,#3869,#3870);
#3480=AXIS2_PLACEMENT_3D('',#4807,#3871,#3872);
#3481=AXIS2_PLACEMENT_3D('',#4808,#3873,#3874);
#3482=AXIS2_PLACEMENT_3D('',#4810,#3875,#3876);
#3483=AXIS2_PLACEMENT_3D('',#4813,#3878,#3879);
#3484=AXIS2_PLACEMENT_3D('',#4814,#3880,#3881);
#3485=AXIS2_PLACEMENT_3D('',#4817,#3882,#3883);
#3486=AXIS2_PLACEMENT_3D('',#4819,#3884,#3885);
#3487=AXIS2_PLACEMENT_3D('',#4821,#3886,#3887);
#3488=AXIS2_PLACEMENT_3D('',#4824,#3889,#3890);
#3489=AXIS2_PLACEMENT_3D('',#4825,#3891,#3892);
#3490=AXIS2_PLACEMENT_3D('',#4826,#3893,#3894);
#3491=AXIS2_PLACEMENT_3D('',#4839,#3895,#3896);
#3492=AXIS2_PLACEMENT_3D('',#4850,#3897,#3898);
#3493=AXIS2_PLACEMENT_3D('',#4852,#3900,#3901);
#3494=AXIS2_PLACEMENT_3D('',#4853,#3902,#3903);
#3495=AXIS2_PLACEMENT_3D('',#4857,#3905,#3906);
#3496=AXIS2_PLACEMENT_3D('',#4858,#3907,#3908);
#3497=AXIS2_PLACEMENT_3D('',#4859,#3909,#3910);
#3498=AXIS2_PLACEMENT_3D('',#4880,#3911,#3912);
#3499=AXIS2_PLACEMENT_3D('',#4882,#3914,#3915);
#3500=AXIS2_PLACEMENT_3D('',#4884,#3917,#3918);
#3501=AXIS2_PLACEMENT_3D('',#4885,#3919,#3920);
#3502=AXIS2_PLACEMENT_3D('',#4888,#3921,#3922);
#3503=AXIS2_PLACEMENT_3D('',#4901,#3923,#3924);
#3504=AXIS2_PLACEMENT_3D('',#4912,#3925,#3926);
#3505=AXIS2_PLACEMENT_3D('',#4914,#3927,#3928);
#3506=AXIS2_PLACEMENT_3D('',#4916,#3929,#3930);
#3507=AXIS2_PLACEMENT_3D('',#4917,#3931,#3932);
#3508=AXIS2_PLACEMENT_3D('',#4918,#3933,#3934);
#3509=AXIS2_PLACEMENT_3D('',#4920,#3935,#3936);
#3510=AXIS2_PLACEMENT_3D('',#4923,#3938,#3939);
#3511=AXIS2_PLACEMENT_3D('',#4924,#3940,#3941);
#3512=AXIS2_PLACEMENT_3D('',#4926,#3942,#3943);
#3513=AXIS2_PLACEMENT_3D('',#4928,#3944,#3945);
#3514=AXIS2_PLACEMENT_3D('',#4931,#3947,#3948);
#3515=AXIS2_PLACEMENT_3D('',#4932,#3949,#3950);
#3516=AXIS2_PLACEMENT_3D('',#4933,#3951,#3952);
#3517=AXIS2_PLACEMENT_3D('',#4935,#3954,#3955);
#3518=AXIS2_PLACEMENT_3D('',#4936,#3956,#3957);
#3519=AXIS2_PLACEMENT_3D('',#4940,#3959,#3960);
#3520=AXIS2_PLACEMENT_3D('',#4941,#3961,#3962);
#3521=AXIS2_PLACEMENT_3D('',#4942,#3963,#3964);
#3522=AXIS2_PLACEMENT_3D('',#4944,#3966,#3967);
#3523=AXIS2_PLACEMENT_3D('',#4966,#3969,#3970);
#3524=AXIS2_PLACEMENT_3D('',#4967,#3971,#3972);
#3525=AXIS2_PLACEMENT_3D('',#4968,#3973,#3974);
#3526=AXIS2_PLACEMENT_3D('',#4971,#3975,#3976);
#3527=AXIS2_PLACEMENT_3D('',#4975,#3978,#3979);
#3528=AXIS2_PLACEMENT_3D('',#4977,#3981,#3982);
#3529=AXIS2_PLACEMENT_3D('',#4980,#3983,#3984);
#3530=AXIS2_PLACEMENT_3D('',#4984,#3986,#3987);
#3531=AXIS2_PLACEMENT_3D('',#4986,#3989,#3990);
#3532=AXIS2_PLACEMENT_3D('',#4989,#3991,#3992);
#3533=AXIS2_PLACEMENT_3D('',#4991,#3993,#3994);
#3534=AXIS2_PLACEMENT_3D('',#4995,#3996,#3997);
#3535=AXIS2_PLACEMENT_3D('',#4997,#3999,#4000);
#3536=AXIS2_PLACEMENT_3D('',#5000,#4001,#4002);
#3537=AXIS2_PLACEMENT_3D('',#5004,#4004,#4005);
#3538=AXIS2_PLACEMENT_3D('',#5006,#4007,#4008);
#3539=AXIS2_PLACEMENT_3D('',#5009,#4009,#4010);
#3540=AXIS2_PLACEMENT_3D('',#5010,#4011,#4012);
#3541=AXIS2_PLACEMENT_3D('',#5013,#4014,#4015);
#3542=AXIS2_PLACEMENT_3D('',#5014,#4016,#4017);
#3543=AXIS2_PLACEMENT_3D('',#5017,#4018,#4019);
#3544=AXIS2_PLACEMENT_3D('',#5018,#4020,#4021);
#3545=AXIS2_PLACEMENT_3D('',#5021,#4023,#4024);
#3546=AXIS2_PLACEMENT_3D('',#5022,#4025,#4026);
#3547=AXIS2_PLACEMENT_3D('',#5025,#4028,#4029);
#3548=AXIS2_PLACEMENT_3D('',#5026,#4030,#4031);
#3549=AXIS2_PLACEMENT_3D('',#5029,#4033,#4034);
#3550=AXIS2_PLACEMENT_3D('',#5030,#4035,#4036);
#3551=AXIS2_PLACEMENT_3D('',#5032,#4037,#4038);
#3552=AXIS2_PLACEMENT_3D('',#5036,#4040,#4041);
#3553=AXIS2_PLACEMENT_3D('',#5038,#4042,#4043);
#3554=AXIS2_PLACEMENT_3D('',#5039,#4044,#4045);
#3555=AXIS2_PLACEMENT_3D('',#5040,#4046,#4047);
#3556=AXIS2_PLACEMENT_3D('',#5042,#4048,#4049);
#3557=AXIS2_PLACEMENT_3D('',#5045,#4051,#4052);
#3558=AXIS2_PLACEMENT_3D('',#5046,#4053,#4054);
#3559=AXIS2_PLACEMENT_3D('',#5048,#4055,#4056);
#3560=AXIS2_PLACEMENT_3D('',#5052,#4058,#4059);
#3561=AXIS2_PLACEMENT_3D('',#5054,#4060,#4061);
#3562=AXIS2_PLACEMENT_3D('',#5055,#4062,#4063);
#3563=AXIS2_PLACEMENT_3D('',#5056,#4064,#4065);
#3564=AXIS2_PLACEMENT_3D('',#5058,#4066,#4067);
#3565=AXIS2_PLACEMENT_3D('',#5061,#4069,#4070);
#3566=AXIS2_PLACEMENT_3D('',#5062,#4071,#4072);
#3567=AXIS2_PLACEMENT_3D('',#5064,#4073,#4074);
#3568=AXIS2_PLACEMENT_3D('',#5067,#4076,#4077);
#3569=AXIS2_PLACEMENT_3D('',#5068,#4078,#4079);
#3570=AXIS2_PLACEMENT_3D('',#5070,#4080,#4081);
#3571=AXIS2_PLACEMENT_3D('',#5073,#4083,#4084);
#3572=AXIS2_PLACEMENT_3D('',#5074,#4085,#4086);
#3573=AXIS2_PLACEMENT_3D('',#5076,#4087,#4088);
#3574=AXIS2_PLACEMENT_3D('',#5079,#4090,#4091);
#3575=AXIS2_PLACEMENT_3D('',#5080,#4092,#4093);
#3576=AXIS2_PLACEMENT_3D('',#5082,#4094,#4095);
#3577=AXIS2_PLACEMENT_3D('',#5085,#4097,#4098);
#3578=AXIS2_PLACEMENT_3D('',#5086,#4099,#4100);
#3579=AXIS2_PLACEMENT_3D('',#5115,#4115,#4116);
#3580=AXIS2_PLACEMENT_3D('',#5144,#4131,#4132);
#3581=AXIS2_PLACEMENT_3D('',#5153,#4137,#4138);
#3582=AXIS2_PLACEMENT_3D('',#5162,#4143,#4144);
#3583=AXIS2_PLACEMENT_3D('',#5179,#4153,#4154);
#3584=AXIS2_PLACEMENT_3D('',#5189,#4160,#4161);
#3585=AXIS2_PLACEMENT_3D('',#5198,#4167,#4168);
#3586=AXIS2_PLACEMENT_3D('',#5214,#4177,#4178);
#3587=AXIS2_PLACEMENT_3D('',#5221,#4183,#4184);
#3588=AXIS2_PLACEMENT_3D('',#5256,#4204,#4205);
#3589=AXIS2_PLACEMENT_3D('',#5258,#4207,#4208);
#3590=AXIS2_PLACEMENT_3D('',#5280,#4220,#4221);
#3591=AXIS2_PLACEMENT_3D('',#5301,#4233,#4234);
#3592=AXIS2_PLACEMENT_3D('',#5315,#4242,#4243);
#3593=AXIS2_PLACEMENT_3D('',#5329,#4251,#4252);
#3594=AXIS2_PLACEMENT_3D('',#5331,#4254,#4255);
#3595=AXIS2_PLACEMENT_3D('',#5338,#4260,#4261);
#3596=AXIS2_PLACEMENT_3D('',#5343,#4264,#4265);
#3597=AXIS2_PLACEMENT_3D('',#5349,#4269,#4270);
#3598=AXIS2_PLACEMENT_3D('',#5353,#4274,#4275);
#3599=AXIS2_PLACEMENT_3D('',#5354,#4276,#4277);
#3600=AXIS2_PLACEMENT_3D('',#5355,#4278,#4279);
#3601=AXIS2_PLACEMENT_3D('',#5356,#4280,#4281);
#3602=AXIS2_PLACEMENT_3D('',#5357,#4282,#4283);
#3603=AXIS2_PLACEMENT_3D('',#5368,#4290,#4291);
#3604=AXIS2_PLACEMENT_3D('',#5380,#4299,#4300);
#3605=AXIS2_PLACEMENT_3D('',#5396,#4310,#4311);
#3606=AXIS2_PLACEMENT_3D('',#5399,#4314,#4315);
#3607=AXIS2_PLACEMENT_3D('',#5401,#4317,#4318);
#3608=AXIS2_PLACEMENT_3D('',#5403,#4320,#4321);
#3609=AXIS2_PLACEMENT_3D('',#5404,#4322,#4323);
#3610=AXIS2_PLACEMENT_3D('',#5413,#4328,#4329);
#3611=AXIS2_PLACEMENT_3D('',#5415,#4330,#4331);
#3612=AXIS2_PLACEMENT_3D('',#5418,#4333,#4334);
#3613=AXIS2_PLACEMENT_3D('',#5419,#4335,#4336);
#3614=AXIS2_PLACEMENT_3D('',#5425,#4340,#4341);
#3615=AXIS2_PLACEMENT_3D('',#5427,#4342,#4343);
#3616=AXIS2_PLACEMENT_3D('',#5430,#4345,#4346);
#3617=AXIS2_PLACEMENT_3D('',#5431,#4347,#4348);
#3618=AXIS2_PLACEMENT_3D('',#5438,#4353,#4354);
#3619=AXIS2_PLACEMENT_3D('',#5441,#4357,#4358);
#3620=AXIS2_PLACEMENT_3D('',#5447,#4362,#4363);
#3621=AXIS2_PLACEMENT_3D('',#5453,#4367,#4368);
#3622=AXIS2_PLACEMENT_3D('',#5467,#4376,#4377);
#3623=AXIS2_PLACEMENT_3D('',#5473,#4381,#4382);
#3624=AXIS2_PLACEMENT_3D('',#5476,#4385,#4386);
#3625=AXIS2_PLACEMENT_3D('',#5478,#4388,#4389);
#3626=AXIS2_PLACEMENT_3D('',#5480,#4391,#4392);
#3627=AXIS2_PLACEMENT_3D('',#5483,#4395,#4396);
#3628=AXIS2_PLACEMENT_3D('',#5485,#4398,#4399);
#3629=AXIS2_PLACEMENT_3D('',#5487,#4401,#4402);
#3630=AXIS2_PLACEMENT_3D('',#5488,#4403,#4404);
#3631=AXIS2_PLACEMENT_3D('',#5491,#4407,#4408);
#3632=AXIS2_PLACEMENT_3D('',#5494,#4411,#4412);
#3633=AXIS2_PLACEMENT_3D('',#5497,#4415,#4416);
#3634=AXIS2_PLACEMENT_3D('',#5500,#4419,#4420);
#3635=AXIS2_PLACEMENT_3D('',#5502,#4422,#4423);
#3636=AXIS2_PLACEMENT_3D('',#5503,#4424,#4425);
#3637=AXIS2_PLACEMENT_3D('',#5505,#4427,#4428);
#3638=AXIS2_PLACEMENT_3D('',#5506,#4429,#4430);
#3639=AXIS2_PLACEMENT_3D('',#5515,#4435,#4436);
#3640=AXIS2_PLACEMENT_3D('',#5517,#4437,#4438);
#3641=AXIS2_PLACEMENT_3D('',#5520,#4440,#4441);
#3642=AXIS2_PLACEMENT_3D('',#5521,#4442,#4443);
#3643=AXIS2_PLACEMENT_3D('',#5527,#4447,#4448);
#3644=AXIS2_PLACEMENT_3D('',#5529,#4449,#4450);
#3645=AXIS2_PLACEMENT_3D('',#5532,#4452,#4453);
#3646=AXIS2_PLACEMENT_3D('',#5533,#4454,#4455);
#3647=AXIS2_PLACEMENT_3D('',#5540,#4460,#4461);
#3648=AXIS2_PLACEMENT_3D('',#5543,#4464,#4465);
#3649=AXIS2_PLACEMENT_3D('',#5549,#4469,#4470);
#3650=AXIS2_PLACEMENT_3D('',#5555,#4474,#4475);
#3651=AXIS2_PLACEMENT_3D('',#5569,#4483,#4484);
#3652=AXIS2_PLACEMENT_3D('',#5575,#4488,#4489);
#3653=AXIS2_PLACEMENT_3D('',#5578,#4492,#4493);
#3654=AXIS2_PLACEMENT_3D('',#5580,#4495,#4496);
#3655=AXIS2_PLACEMENT_3D('',#5582,#4498,#4499);
#3656=AXIS2_PLACEMENT_3D('',#5584,#4501,#4502);
#3657=AXIS2_PLACEMENT_3D('',#5585,#4503,#4504);
#3658=AXIS2_PLACEMENT_3D('',#5587,#4506,#4507);
#3659=AXIS2_PLACEMENT_3D('',#5588,#4508,#4509);
#3660=AXIS2_PLACEMENT_3D('',#5589,#4510,#4511);
#3661=AXIS2_PLACEMENT_3D('',#5590,#4512,#4513);
#3662=AXIS2_PLACEMENT_3D('',#5591,#4514,#4515);
#3663=AXIS2_PLACEMENT_3D('',#5592,#4516,#4517);
#3664=AXIS2_PLACEMENT_3D('',#5594,#4519,#4520);
#3665=AXIS2_PLACEMENT_3D('',#5595,#4521,#4522);
#3666=AXIS2_PLACEMENT_3D('',#5597,#4524,#4525);
#3667=AXIS2_PLACEMENT_3D('',#5598,#4526,#4527);
#3668=AXIS2_PLACEMENT_3D('',#5600,#4529,#4530);
#3669=AXIS2_PLACEMENT_3D('',#5601,#4531,#4532);
#3670=AXIS2_PLACEMENT_3D('',#5603,#4534,#4535);
#3671=AXIS2_PLACEMENT_3D('',#5604,#4536,#4537);
#3672=AXIS2_PLACEMENT_3D('',#5606,#4539,#4540);
#3673=AXIS2_PLACEMENT_3D('',#5608,#4542,#4543);
#3674=AXIS2_PLACEMENT_3D('',#5609,#4544,#4545);
#3675=AXIS2_PLACEMENT_3D('',#5611,#4547,#4548);
#3676=AXIS2_PLACEMENT_3D('',#5613,#4550,#4551);
#3677=AXIS2_PLACEMENT_3D('',#5614,#4552,#4553);
#3678=AXIS2_PLACEMENT_3D('',#5616,#4555,#4556);
#3679=AXIS2_PLACEMENT_3D('',#5618,#4558,#4559);
#3680=AXIS2_PLACEMENT_3D('',#5619,#4560,#4561);
#3681=AXIS2_PLACEMENT_3D('',#5621,#4563,#4564);
#3682=AXIS2_PLACEMENT_3D('',#5623,#4566,#4567);
#3683=AXIS2_PLACEMENT_3D('',#5624,#4568,#4569);
#3684=AXIS2_PLACEMENT_3D('',#5628,#4571,#4572);
#3685=AXIS2_PLACEMENT_3D('',#5630,#4574,#4575);
#3686=AXIS2_PLACEMENT_3D('',#5632,#4577,#4578);
#3687=AXIS2_PLACEMENT_3D('',#5634,#4580,#4581);
#3688=AXIS2_PLACEMENT_3D('',#5636,#4583,#4584);
#3689=AXIS2_PLACEMENT_3D('',#5637,#4585,#4586);
#3690=AXIS2_PLACEMENT_3D('',#5641,#4589,#4590);
#3691=AXIS2_PLACEMENT_3D('',#5642,#4591,#4592);
#3692=AXIS2_PLACEMENT_3D('',#5644,#4594,#4595);
#3693=AXIS2_PLACEMENT_3D('',#5645,#4596,#4597);
#3694=AXIS2_PLACEMENT_3D('',#5647,#4599,#4600);
#3695=AXIS2_PLACEMENT_3D('',#5648,#4601,#4602);
#3696=AXIS2_PLACEMENT_3D('',#5652,#4605,#4606);
#3697=AXIS2_PLACEMENT_3D('',#5655,#4608,#4609);
#3698=AXIS2_PLACEMENT_3D('',#5656,#4610,#4611);
#3699=AXIS2_PLACEMENT_3D('',#5658,#4613,#4614);
#3700=AXIS2_PLACEMENT_3D('',#5660,#4616,#4617);
#3701=AXIS2_PLACEMENT_3D('',#5661,#4618,#4619);
#3702=AXIS2_PLACEMENT_3D('',#5667,#4623,#4624);
#3703=AXIS2_PLACEMENT_3D('',#5668,#4625,#4626);
#3704=AXIS2_PLACEMENT_3D('',#5669,#4627,#4628);
#3705=AXIS2_PLACEMENT_3D('',#5671,#4630,#4631);
#3706=AXIS2_PLACEMENT_3D('',#5673,#4633,#4634);
#3707=DIRECTION('axis',(0.,0.,1.));
#3708=DIRECTION('refdir',(1.,0.,0.));
#3709=DIRECTION('center_axis',(0.,1.,0.));
#3710=DIRECTION('ref_axis',(0.,0.,1.));
#3711=DIRECTION('',(0.,0.,1.));
#3712=DIRECTION('',(1.,0.,0.));
#3713=DIRECTION('',(0.,0.,1.));
#3714=DIRECTION('',(1.,0.,0.));
#3715=DIRECTION('',(1.,0.,0.));
#3716=DIRECTION('',(0.,0.,-1.));
#3717=DIRECTION('',(-1.,0.,0.));
#3718=DIRECTION('',(0.,0.,1.));
#3719=DIRECTION('center_axis',(0.,0.,-1.));
#3720=DIRECTION('ref_axis',(-1.,0.,0.));
#3721=DIRECTION('',(0.,1.,0.));
#3722=DIRECTION('',(-1.,0.,0.));
#3723=DIRECTION('',(0.,1.,0.));
#3724=DIRECTION('center_axis',(0.,-1.,0.));
#3725=DIRECTION('ref_axis',(0.,0.,-1.));
#3726=DIRECTION('',(-1.,0.,0.));
#3727=DIRECTION('',(0.,0.,1.));
#3728=DIRECTION('',(1.,0.,0.));
#3729=DIRECTION('',(0.,0.,-1.));
#3730=DIRECTION('center_axis',(0.,0.,1.));
#3731=DIRECTION('ref_axis',(1.,0.,0.));
#3732=DIRECTION('',(0.,-1.,0.));
#3733=DIRECTION('',(1.,0.,0.));
#3734=DIRECTION('',(0.,-1.,0.));
#3735=DIRECTION('center_axis',(1.,0.,0.));
#3736=DIRECTION('ref_axis',(0.,0.,-1.));
#3737=DIRECTION('',(0.,0.,-1.));
#3738=DIRECTION('center_axis',(1.,0.,0.));
#3739=DIRECTION('ref_axis',(0.,0.,-1.));
#3740=DIRECTION('',(0.,0.,1.));
#3741=DIRECTION('center_axis',(0.,0.,1.));
#3742=DIRECTION('ref_axis',(1.,0.,0.));
#3743=DIRECTION('',(0.,-1.,0.));
#3744=DIRECTION('',(1.,0.,0.));
#3745=DIRECTION('',(0.,-1.,0.));
#3746=DIRECTION('center_axis',(-1.,0.,0.));
#3747=DIRECTION('ref_axis',(0.,0.,1.));
#3748=DIRECTION('',(0.,-1.,0.));
#3749=DIRECTION('',(0.,0.,1.));
#3750=DIRECTION('center_axis',(0.,0.,-1.));
#3751=DIRECTION('ref_axis',(-1.,0.,0.));
#3752=DIRECTION('',(0.,-1.,0.));
#3753=DIRECTION('',(-1.,0.,0.));
#3754=DIRECTION('center_axis',(1.,0.,0.));
#3755=DIRECTION('ref_axis',(0.,0.,-1.));
#3756=DIRECTION('',(0.,0.,-1.));
#3757=DIRECTION('center_axis',(0.,-1.,0.));
#3758=DIRECTION('ref_axis',(0.,0.,-1.));
#3759=DIRECTION('',(1.,0.,0.));
#3760=DIRECTION('',(0.,0.,1.));
#3761=DIRECTION('',(-1.,0.,0.));
#3762=DIRECTION('',(0.,0.,-1.));
#3763=DIRECTION('center_axis',(0.707106781186549,0.707106781186546,0.));
#3764=DIRECTION('ref_axis',(0.,0.,1.));
#3765=DIRECTION('',(0.577350269189625,-0.577350269189628,-0.577350269189625));
#3766=DIRECTION('',(-0.577350269189625,0.577350269189628,-0.577350269189625));
#3767=DIRECTION('center_axis',(0.,-0.707106781186546,-0.707106781186549));
#3768=DIRECTION('ref_axis',(1.,0.,0.));
#3769=DIRECTION('',(0.577350269189625,0.577350269189627,-0.577350269189625));
#3770=DIRECTION('center_axis',(0.,-0.707106781186546,0.707106781186549));
#3771=DIRECTION('ref_axis',(1.,0.,0.));
#3772=DIRECTION('',(-0.577350269189625,-0.577350269189627,-0.577350269189625));
#3773=DIRECTION('center_axis',(0.707106781186549,-0.707106781186546,0.));
#3774=DIRECTION('ref_axis',(0.,0.,-1.));
#3775=DIRECTION('center_axis',(0.894427190999917,0.447213595499956,0.));
#3776=DIRECTION('ref_axis',(0.,0.,-1.));
#3777=DIRECTION('',(0.408248290463862,-0.816496580927727,-0.408248290463862));
#3778=DIRECTION('',(-0.408248290463862,0.816496580927727,-0.408248290463862));
#3779=DIRECTION('center_axis',(0.,0.447213595499956,0.894427190999917));
#3780=DIRECTION('ref_axis',(1.,0.,0.));
#3781=DIRECTION('',(0.408248290463862,0.816496580927727,-0.408248290463862));
#3782=DIRECTION('center_axis',(0.,0.447213595499956,-0.894427190999917));
#3783=DIRECTION('ref_axis',(-1.,0.,0.));
#3784=DIRECTION('',(-0.408248290463862,-0.816496580927727,-0.408248290463862));
#3785=DIRECTION('center_axis',(-0.894427190999917,0.447213595499956,0.));
#3786=DIRECTION('ref_axis',(0.,0.,1.));
#3787=DIRECTION('center_axis',(0.,1.,0.));
#3788=DIRECTION('ref_axis',(0.,0.,1.));
#3789=DIRECTION('',(0.,0.,1.));
#3790=DIRECTION('',(1.,0.,0.));
#3791=DIRECTION('',(0.,0.,1.));
#3792=DIRECTION('',(1.,0.,0.));
#3793=DIRECTION('',(1.,0.,0.));
#3794=DIRECTION('',(0.,0.,-1.));
#3795=DIRECTION('',(-1.,0.,0.));
#3796=DIRECTION('',(0.,0.,1.));
#3797=DIRECTION('center_axis',(0.,0.,-1.));
#3798=DIRECTION('ref_axis',(-1.,0.,0.));
#3799=DIRECTION('',(0.,1.,0.));
#3800=DIRECTION('',(-1.,0.,0.));
#3801=DIRECTION('',(0.,1.,0.));
#3802=DIRECTION('center_axis',(0.,-1.,0.));
#3803=DIRECTION('ref_axis',(0.,0.,-1.));
#3804=DIRECTION('',(0.,0.,-1.));
#3805=DIRECTION('',(-1.,0.,0.));
#3806=DIRECTION('',(0.,0.,1.));
#3807=DIRECTION('',(1.,0.,0.));
#3808=DIRECTION('center_axis',(0.,0.,1.));
#3809=DIRECTION('ref_axis',(1.,0.,0.));
#3810=DIRECTION('',(0.,-1.,0.));
#3811=DIRECTION('',(1.,0.,0.));
#3812=DIRECTION('',(0.,-1.,0.));
#3813=DIRECTION('center_axis',(1.,0.,0.));
#3814=DIRECTION('ref_axis',(0.,0.,-1.));
#3815=DIRECTION('',(0.,0.,-1.));
#3816=DIRECTION('center_axis',(1.,0.,0.));
#3817=DIRECTION('ref_axis',(0.,0.,-1.));
#3818=DIRECTION('',(0.,0.,1.));
#3819=DIRECTION('center_axis',(0.,0.,1.));
#3820=DIRECTION('ref_axis',(1.,0.,0.));
#3821=DIRECTION('',(0.,-1.,0.));
#3822=DIRECTION('',(1.,0.,0.));
#3823=DIRECTION('',(0.,-1.,0.));
#3824=DIRECTION('center_axis',(-1.,0.,0.));
#3825=DIRECTION('ref_axis',(0.,0.,1.));
#3826=DIRECTION('',(0.,-1.,0.));
#3827=DIRECTION('',(0.,0.,1.));
#3828=DIRECTION('center_axis',(0.,0.,-1.));
#3829=DIRECTION('ref_axis',(-1.,0.,0.));
#3830=DIRECTION('',(0.,-1.,0.));
#3831=DIRECTION('',(-1.,0.,0.));
#3832=DIRECTION('center_axis',(1.,0.,0.));
#3833=DIRECTION('ref_axis',(0.,0.,-1.));
#3834=DIRECTION('',(0.,0.,-1.));
#3835=DIRECTION('center_axis',(0.,1.,0.));
#3836=DIRECTION('ref_axis',(0.,0.,1.));
#3837=DIRECTION('',(1.,0.,0.));
#3838=DIRECTION('',(0.,0.,1.));
#3839=DIRECTION('',(-1.,0.,0.));
#3840=DIRECTION('',(0.,0.,-1.));
#3841=DIRECTION('center_axis',(0.,-0.707106781186548,-0.707106781186548));
#3842=DIRECTION('ref_axis',(1.,0.,0.));
#3843=DIRECTION('',(0.577350269189626,-0.577350269189626,0.577350269189626));
#3844=DIRECTION('',(0.577350269189626,0.577350269189626,-0.577350269189626));
#3845=DIRECTION('center_axis',(0.707106781186548,-0.707106781186548,0.));
#3846=DIRECTION('ref_axis',(0.,0.,-1.));
#3847=DIRECTION('',(0.577350269189626,0.577350269189626,0.577350269189626));
#3848=DIRECTION('center_axis',(0.707106781186548,0.707106781186548,0.));
#3849=DIRECTION('ref_axis',(0.,0.,1.));
#3850=DIRECTION('',(0.577350269189626,-0.577350269189626,-0.577350269189626));
#3851=DIRECTION('center_axis',(0.,-0.707106781186548,0.707106781186548));
#3852=DIRECTION('ref_axis',(1.,0.,0.));
#3853=DIRECTION('center_axis',(-0.894427190999917,-0.447213595499956,0.));
#3854=DIRECTION('ref_axis',(0.,0.,1.));
#3855=DIRECTION('',(0.408248290463862,-0.816496580927727,-0.408248290463862));
#3856=DIRECTION('',(-0.408248290463862,0.816496580927727,-0.408248290463862));
#3857=DIRECTION('center_axis',(0.,-0.447213595499956,-0.894427190999917));
#3858=DIRECTION('ref_axis',(-1.,0.,0.));
#3859=DIRECTION('',(0.408248290463862,0.816496580927727,-0.408248290463862));
#3860=DIRECTION('center_axis',(0.,-0.447213595499956,0.894427190999917));
#3861=DIRECTION('ref_axis',(1.,0.,0.));
#3862=DIRECTION('',(-0.408248290463862,-0.816496580927727,-0.408248290463862));
#3863=DIRECTION('center_axis',(0.894427190999917,-0.447213595499956,0.));
#3864=DIRECTION('ref_axis',(0.,0.,-1.));
#3865=DIRECTION('center_axis',(0.,1.,0.));
#3866=DIRECTION('ref_axis',(0.,0.,1.));
#3867=DIRECTION('center_axis',(0.,1.,0.));
#3868=DIRECTION('ref_axis',(0.,0.,1.));
#3869=DIRECTION('center_axis',(-1.,0.,2.1350442781253E-16));
#3870=DIRECTION('ref_axis',(-2.1350442781253E-16,0.,-1.));
#3871=DIRECTION('center_axis',(0.,-1.,0.));
#3872=DIRECTION('ref_axis',(0.,0.,1.));
#3873=DIRECTION('center_axis',(0.,1.,0.));
#3874=DIRECTION('ref_axis',(0.,0.,1.));
#3875=DIRECTION('center_axis',(0.,-1.,0.));
#3876=DIRECTION('ref_axis',(0.,0.,-1.));
#3877=DIRECTION('',(0.,-1.,0.));
#3878=DIRECTION('center_axis',(0.,-1.,0.));
#3879=DIRECTION('ref_axis',(0.,0.,-1.));
#3880=DIRECTION('center_axis',(0.,1.,0.));
#3881=DIRECTION('ref_axis',(0.,0.,1.));
#3882=DIRECTION('center_axis',(0.,-1.,0.));
#3883=DIRECTION('ref_axis',(0.,0.,1.));
#3884=DIRECTION('center_axis',(0.,-1.,0.));
#3885=DIRECTION('ref_axis',(0.,0.,1.));
#3886=DIRECTION('center_axis',(0.,-1.,0.));
#3887=DIRECTION('ref_axis',(0.,0.,1.));
#3888=DIRECTION('',(0.,-1.,0.));
#3889=DIRECTION('center_axis',(0.,-1.,0.));
#3890=DIRECTION('ref_axis',(0.,0.,1.));
#3891=DIRECTION('center_axis',(0.,-1.,0.));
#3892=DIRECTION('ref_axis',(2.66880534765663E-15,0.,1.));
#3893=DIRECTION('center_axis',(0.,1.,0.));
#3894=DIRECTION('ref_axis',(0.,0.,1.));
#3895=DIRECTION('center_axis',(0.,1.,0.));
#3896=DIRECTION('ref_axis',(0.,0.,1.));
#3897=DIRECTION('center_axis',(0.,1.,0.));
#3898=DIRECTION('ref_axis',(0.,0.,1.));
#3899=DIRECTION('',(1.,0.,0.));
#3900=DIRECTION('center_axis',(0.,1.,0.));
#3901=DIRECTION('ref_axis',(0.,0.,1.));
#3902=DIRECTION('center_axis',(0.,1.,0.));
#3903=DIRECTION('ref_axis',(0.,0.,1.));
#3904=DIRECTION('',(-1.,0.,0.));
#3905=DIRECTION('center_axis',(0.,1.,0.));
#3906=DIRECTION('ref_axis',(0.,0.,1.));
#3907=DIRECTION('center_axis',(0.,-1.,0.));
#3908=DIRECTION('ref_axis',(0.,0.,-1.));
#3909=DIRECTION('center_axis',(0.,1.,0.));
#3910=DIRECTION('ref_axis',(-1.70803542250024E-16,0.,-1.));
#3911=DIRECTION('center_axis',(0.,0.,1.));
#3912=DIRECTION('ref_axis',(1.,0.,0.));
#3913=DIRECTION('',(1.,0.,0.));
#3914=DIRECTION('center_axis',(0.,0.,-1.));
#3915=DIRECTION('ref_axis',(-1.,0.,0.));
#3916=DIRECTION('',(-1.,0.,0.));
#3917=DIRECTION('center_axis',(0.,1.,0.));
#3918=DIRECTION('ref_axis',(0.,0.,1.));
#3919=DIRECTION('center_axis',(0.,1.,0.));
#3920=DIRECTION('ref_axis',(0.,0.,1.));
#3921=DIRECTION('center_axis',(0.,-1.,0.));
#3922=DIRECTION('ref_axis',(0.,0.,1.));
#3923=DIRECTION('center_axis',(0.,1.,0.));
#3924=DIRECTION('ref_axis',(0.,0.,1.));
#3925=DIRECTION('center_axis',(0.,1.,0.));
#3926=DIRECTION('ref_axis',(0.,0.,1.));
#3927=DIRECTION('center_axis',(0.,1.,0.));
#3928=DIRECTION('ref_axis',(0.,0.,1.));
#3929=DIRECTION('center_axis',(-1.,0.,2.1350442781253E-16));
#3930=DIRECTION('ref_axis',(-2.1350442781253E-16,0.,-1.));
#3931=DIRECTION('center_axis',(0.,-1.,0.));
#3932=DIRECTION('ref_axis',(0.,0.,1.));
#3933=DIRECTION('center_axis',(0.,1.,0.));
#3934=DIRECTION('ref_axis',(0.,0.,1.));
#3935=DIRECTION('center_axis',(0.,-1.,0.));
#3936=DIRECTION('ref_axis',(0.,0.,-1.));
#3937=DIRECTION('',(0.,-1.,0.));
#3938=DIRECTION('center_axis',(0.,-1.,0.));
#3939=DIRECTION('ref_axis',(0.,0.,-1.));
#3940=DIRECTION('center_axis',(0.,1.,0.));
#3941=DIRECTION('ref_axis',(0.,0.,1.));
#3942=DIRECTION('center_axis',(0.,-1.,0.));
#3943=DIRECTION('ref_axis',(0.,0.,1.));
#3944=DIRECTION('center_axis',(0.,-1.,0.));
#3945=DIRECTION('ref_axis',(0.,0.,1.));
#3946=DIRECTION('',(0.,-1.,0.));
#3947=DIRECTION('center_axis',(0.,-1.,0.));
#3948=DIRECTION('ref_axis',(0.,0.,1.));
#3949=DIRECTION('center_axis',(0.,-1.,0.));
#3950=DIRECTION('ref_axis',(2.66880534765663E-15,0.,1.));
#3951=DIRECTION('center_axis',(0.,1.,0.));
#3952=DIRECTION('ref_axis',(0.,0.,1.));
#3953=DIRECTION('',(1.,0.,0.));
#3954=DIRECTION('center_axis',(0.,1.,0.));
#3955=DIRECTION('ref_axis',(0.,0.,1.));
#3956=DIRECTION('center_axis',(0.,1.,0.));
#3957=DIRECTION('ref_axis',(0.,0.,1.));
#3958=DIRECTION('',(-1.,0.,0.));
#3959=DIRECTION('center_axis',(0.,1.,0.));
#3960=DIRECTION('ref_axis',(0.,0.,1.));
#3961=DIRECTION('center_axis',(0.,-1.,0.));
#3962=DIRECTION('ref_axis',(0.,0.,-1.));
#3963=DIRECTION('center_axis',(0.,0.,1.));
#3964=DIRECTION('ref_axis',(1.,0.,0.));
#3965=DIRECTION('',(1.,0.,0.));
#3966=DIRECTION('center_axis',(0.,0.,-1.));
#3967=DIRECTION('ref_axis',(-1.,0.,0.));
#3968=DIRECTION('',(-1.,0.,0.));
#3969=DIRECTION('center_axis',(0.,1.,0.));
#3970=DIRECTION('ref_axis',(0.,0.,1.));
#3971=DIRECTION('center_axis',(0.,1.,0.));
#3972=DIRECTION('ref_axis',(1.70803542250024E-16,0.,-1.));
#3973=DIRECTION('center_axis',(0.,-1.,0.));
#3974=DIRECTION('ref_axis',(0.,0.,-1.));
#3975=DIRECTION('center_axis',(0.,-1.,0.));
#3976=DIRECTION('ref_axis',(0.,0.,1.));
#3977=DIRECTION('',(0.,-1.,0.));
#3978=DIRECTION('center_axis',(0.,-1.,0.));
#3979=DIRECTION('ref_axis',(0.,0.,1.));
#3980=DIRECTION('',(0.,-1.,0.));
#3981=DIRECTION('center_axis',(0.,-1.,0.));
#3982=DIRECTION('ref_axis',(0.,0.,-1.));
#3983=DIRECTION('center_axis',(0.,-1.,0.));
#3984=DIRECTION('ref_axis',(0.,0.,1.));
#3985=DIRECTION('',(0.,-1.,0.));
#3986=DIRECTION('center_axis',(0.,-1.,0.));
#3987=DIRECTION('ref_axis',(0.,0.,1.));
#3988=DIRECTION('',(0.,-1.,0.));
#3989=DIRECTION('center_axis',(0.,1.,0.));
#3990=DIRECTION('ref_axis',(0.,0.,1.));
#3991=DIRECTION('center_axis',(0.,1.,0.));
#3992=DIRECTION('ref_axis',(0.,0.,-1.));
#3993=DIRECTION('center_axis',(0.,1.,0.));
#3994=DIRECTION('ref_axis',(0.,0.,-1.));
#3995=DIRECTION('',(0.,1.,0.));
#3996=DIRECTION('center_axis',(0.,1.,0.));
#3997=DIRECTION('ref_axis',(0.,0.,1.));
#3998=DIRECTION('',(0.,1.,0.));
#3999=DIRECTION('center_axis',(0.,1.,0.));
#4000=DIRECTION('ref_axis',(0.,0.,1.));
#4001=DIRECTION('center_axis',(0.,1.,0.));
#4002=DIRECTION('ref_axis',(0.,0.,1.));
#4003=DIRECTION('',(0.,1.,0.));
#4004=DIRECTION('center_axis',(0.,1.,0.));
#4005=DIRECTION('ref_axis',(0.,0.,1.));
#4006=DIRECTION('',(0.,1.,0.));
#4007=DIRECTION('center_axis',(0.,0.,1.));
#4008=DIRECTION('ref_axis',(1.,0.,0.));
#4009=DIRECTION('center_axis',(0.,0.,1.));
#4010=DIRECTION('ref_axis',(1.,0.,0.));
#4011=DIRECTION('center_axis',(0.,0.,1.));
#4012=DIRECTION('ref_axis',(1.,0.,0.));
#4013=DIRECTION('',(-0.707106781186553,-8.659560562355E-17,0.707106781186542));
#4014=DIRECTION('center_axis',(0.,0.,-1.));
#4015=DIRECTION('ref_axis',(1.,0.,0.));
#4016=DIRECTION('center_axis',(0.,0.,1.));
#4017=DIRECTION('ref_axis',(1.,0.,0.));
#4018=DIRECTION('center_axis',(0.,0.,1.));
#4019=DIRECTION('ref_axis',(1.,0.,0.));
#4020=DIRECTION('center_axis',(0.,0.,1.));
#4021=DIRECTION('ref_axis',(1.,0.,0.));
#4022=DIRECTION('',(-0.707106781186548,-8.65956056235494E-17,0.707106781186548));
#4023=DIRECTION('center_axis',(0.,0.,-1.));
#4024=DIRECTION('ref_axis',(1.,0.,0.));
#4025=DIRECTION('center_axis',(0.,0.,-1.));
#4026=DIRECTION('ref_axis',(-1.,0.,0.));
#4027=DIRECTION('',(0.,0.,-1.));
#4028=DIRECTION('center_axis',(0.,0.,-1.));
#4029=DIRECTION('ref_axis',(-1.,0.,0.));
#4030=DIRECTION('center_axis',(0.,0.,-1.));
#4031=DIRECTION('ref_axis',(-1.,0.,0.));
#4032=DIRECTION('',(0.,0.,-1.));
#4033=DIRECTION('center_axis',(0.,0.,-1.));
#4034=DIRECTION('ref_axis',(1.,0.,0.));
#4035=DIRECTION('center_axis',(0.,1.,0.));
#4036=DIRECTION('ref_axis',(0.,0.,1.));
#4037=DIRECTION('center_axis',(0.,1.,0.));
#4038=DIRECTION('ref_axis',(0.,0.,1.));
#4039=DIRECTION('',(0.,1.,0.));
#4040=DIRECTION('center_axis',(-3.5013490950634E-15,0.999911754583645,0.0132846921475733));
#4041=DIRECTION('ref_axis',(-0.435923189206884,0.0119560087012976,-0.899904454354813));
#4042=DIRECTION('center_axis',(0.,1.,0.));
#4043=DIRECTION('ref_axis',(0.,0.,1.));
#4044=DIRECTION('center_axis',(-3.5013490950634E-15,0.999911754583645,0.0132846921475733));
#4045=DIRECTION('ref_axis',(-0.435923189206884,0.0119560087012976,-0.899904454354813));
#4046=DIRECTION('center_axis',(0.,1.,0.));
#4047=DIRECTION('ref_axis',(0.,0.,1.));
#4048=DIRECTION('center_axis',(-1.0842021724855E-16,1.,0.));
#4049=DIRECTION('ref_axis',(-1.,-1.0842021724855E-16,0.));
#4050=DIRECTION('',(0.,1.,0.));
#4051=DIRECTION('center_axis',(1.0842021724855E-16,-1.,0.));
#4052=DIRECTION('ref_axis',(1.,1.0842021724855E-16,0.));
#4053=DIRECTION('center_axis',(0.,1.,0.));
#4054=DIRECTION('ref_axis',(0.,0.,1.));
#4055=DIRECTION('center_axis',(0.,1.,0.));
#4056=DIRECTION('ref_axis',(0.,0.,1.));
#4057=DIRECTION('',(0.,1.,0.));
#4058=DIRECTION('center_axis',(-3.50976355216771E-15,0.999911754583645,
0.0132846921475733));
#4059=DIRECTION('ref_axis',(-0.435923189206889,0.0119560087012976,-0.89990445435481));
#4060=DIRECTION('center_axis',(0.,1.,0.));
#4061=DIRECTION('ref_axis',(0.,0.,1.));
#4062=DIRECTION('center_axis',(-3.50976355216771E-15,0.999911754583645,
0.0132846921475733));
#4063=DIRECTION('ref_axis',(-0.435923189206889,0.0119560087012976,-0.89990445435481));
#4064=DIRECTION('center_axis',(0.,1.,0.));
#4065=DIRECTION('ref_axis',(0.,0.,1.));
#4066=DIRECTION('center_axis',(-1.0842021724855E-16,-1.,0.));
#4067=DIRECTION('ref_axis',(1.,-1.0842021724855E-16,0.));
#4068=DIRECTION('',(0.,1.,0.));
#4069=DIRECTION('center_axis',(1.0842021724855E-16,1.,0.));
#4070=DIRECTION('ref_axis',(-1.,1.0842021724855E-16,0.));
#4071=DIRECTION('center_axis',(0.,1.,0.));
#4072=DIRECTION('ref_axis',(0.,0.,1.));
#4073=DIRECTION('center_axis',(0.,1.,0.));
#4074=DIRECTION('ref_axis',(0.,0.,1.));
#4075=DIRECTION('',(0.,1.,0.));
#4076=DIRECTION('center_axis',(0.,1.,0.));
#4077=DIRECTION('ref_axis',(0.,0.,1.));
#4078=DIRECTION('center_axis',(0.,1.,0.));
#4079=DIRECTION('ref_axis',(0.,0.,1.));
#4080=DIRECTION('center_axis',(0.,1.,0.));
#4081=DIRECTION('ref_axis',(0.,0.,1.));
#4082=DIRECTION('',(0.,1.,0.));
#4083=DIRECTION('center_axis',(0.,1.,0.));
#4084=DIRECTION('ref_axis',(0.,0.,1.));
#4085=DIRECTION('center_axis',(0.,1.,0.));
#4086=DIRECTION('ref_axis',(0.,0.,1.));
#4087=DIRECTION('center_axis',(0.,1.,0.));
#4088=DIRECTION('ref_axis',(0.,0.,1.));
#4089=DIRECTION('',(0.,1.,0.));
#4090=DIRECTION('center_axis',(0.,1.,0.));
#4091=DIRECTION('ref_axis',(0.,0.,1.));
#4092=DIRECTION('center_axis',(0.,1.,0.));
#4093=DIRECTION('ref_axis',(0.,0.,1.));
#4094=DIRECTION('center_axis',(0.,1.,0.));
#4095=DIRECTION('ref_axis',(0.,0.,1.));
#4096=DIRECTION('',(0.,1.,0.));
#4097=DIRECTION('center_axis',(0.,1.,0.));
#4098=DIRECTION('ref_axis',(0.,0.,1.));
#4099=DIRECTION('center_axis',(-1.,0.,0.));
#4100=DIRECTION('ref_axis',(0.,0.,1.));
#4101=DIRECTION('',(0.,-1.,0.));
#4102=DIRECTION('',(0.,0.,-1.));
#4103=DIRECTION('',(0.,-1.,0.));
#4104=DIRECTION('',(0.,0.,-1.));
#4105=DIRECTION('',(0.,-1.,0.));
#4106=DIRECTION('',(0.,-0.921635375138065,-0.388057000058133));
#4107=DIRECTION('',(0.,0.,-1.));
#4108=DIRECTION('',(0.,1.,0.));
#4109=DIRECTION('',(0.,0.,-1.));
#4110=DIRECTION('',(0.,1.,0.));
#4111=DIRECTION('',(0.,0.,-1.));
#4112=DIRECTION('',(0.,0.921635375138065,-0.388057000058133));
#4113=DIRECTION('',(0.,-1.,0.));
#4114=DIRECTION('',(0.,0.,-1.));
#4115=DIRECTION('center_axis',(1.,0.,0.));
#4116=DIRECTION('ref_axis',(0.,0.,-1.));
#4117=DIRECTION('',(0.,0.,1.));
#4118=DIRECTION('',(0.,-1.,0.));
#4119=DIRECTION('',(0.,0.,-1.));
#4120=DIRECTION('',(0.,-1.,0.));
#4121=DIRECTION('',(0.,0.,1.));
#4122=DIRECTION('',(0.,-1.,0.));
#4123=DIRECTION('',(0.,0.921635375138065,-0.388057000058133));
#4124=DIRECTION('',(0.,0.,1.));
#4125=DIRECTION('',(0.,1.,0.));
#4126=DIRECTION('',(0.,0.,-1.));
#4127=DIRECTION('',(0.,1.,0.));
#4128=DIRECTION('',(0.,0.,1.));
#4129=DIRECTION('',(0.,-0.921635375138065,-0.388057000058133));
#4130=DIRECTION('',(0.,-1.,0.));
#4131=DIRECTION('center_axis',(0.,0.,1.));
#4132=DIRECTION('ref_axis',(-1.,0.,0.));
#4133=DIRECTION('',(-1.,0.,0.));
#4134=DIRECTION('',(0.,-1.,0.));
#4135=DIRECTION('',(1.,0.,0.));
#4136=DIRECTION('',(0.,1.,0.));
#4137=DIRECTION('center_axis',(0.,0.,1.));
#4138=DIRECTION('ref_axis',(1.,0.,0.));
#4139=DIRECTION('',(1.,0.,0.));
#4140=DIRECTION('',(0.,-1.,0.));
#4141=DIRECTION('',(-1.,0.,0.));
#4142=DIRECTION('',(0.,1.,0.));
#4143=DIRECTION('center_axis',(0.,1.,0.));
#4144=DIRECTION('ref_axis',(0.,0.,1.));
#4145=DIRECTION('',(0.,0.,1.));
#4146=DIRECTION('',(0.,0.,1.));
#4147=DIRECTION('',(0.707106781186543,0.,0.707106781186552));
#4148=DIRECTION('',(1.,0.,0.));
#4149=DIRECTION('',(0.707106781186544,0.,-0.707106781186551));
#4150=DIRECTION('',(0.,0.,1.));
#4151=DIRECTION('',(1.,0.,0.));
#4152=DIRECTION('',(0.,0.,1.));
#4153=DIRECTION('center_axis',(0.,1.,0.));
#4154=DIRECTION('ref_axis',(0.,0.,-1.));
#4155=DIRECTION('',(0.,0.,-1.));
#4156=DIRECTION('',(1.,0.,0.));
#4157=DIRECTION('',(1.,0.,0.));
#4158=DIRECTION('',(0.,0.,-1.));
#4159=DIRECTION('',(1.,0.,0.));
#4160=DIRECTION('center_axis',(0.,0.,-1.));
#4161=DIRECTION('ref_axis',(-1.,0.,0.));
#4162=DIRECTION('',(1.,0.,0.));
#4163=DIRECTION('',(-1.0842021724855E-16,-1.,0.));
#4164=DIRECTION('',(-1.,0.,0.));
#4165=DIRECTION('',(0.,-1.,0.));
#4166=DIRECTION('',(1.,0.,0.));
#4167=DIRECTION('center_axis',(0.,0.,-1.));
#4168=DIRECTION('ref_axis',(-1.,0.,0.));
#4169=DIRECTION('',(-1.,0.,0.));
#4170=DIRECTION('',(1.0842021724855E-16,1.,0.));
#4171=DIRECTION('',(1.,0.,0.));
#4172=DIRECTION('',(1.0842021724855E-16,-1.,0.));
#4173=DIRECTION('',(-1.,0.,0.));
#4174=DIRECTION('',(0.,-1.,0.));
#4175=DIRECTION('',(1.,0.,0.));
#4176=DIRECTION('',(0.,1.,0.));
#4177=DIRECTION('center_axis',(0.,-1.,0.));
#4178=DIRECTION('ref_axis',(0.,0.,-1.));
#4179=DIRECTION('',(0.894427190999915,0.,-0.447213595499959));
#4180=DIRECTION('',(-1.,0.,0.));
#4181=DIRECTION('',(0.894427190999915,0.,-0.447213595499959));
#4182=DIRECTION('',(0.,0.,1.));
#4183=DIRECTION('center_axis',(0.,-1.,0.));
#4184=DIRECTION('ref_axis',(0.,0.,-1.));
#4185=DIRECTION('',(-0.894427190999915,0.,-0.447213595499959));
#4186=DIRECTION('',(-0.707106781186544,0.,-0.707106781186551));
#4187=DIRECTION('',(0.,0.,1.));
#4188=DIRECTION('',(1.,0.,0.));
#4189=DIRECTION('',(0.,0.,-1.));
#4190=DIRECTION('',(0.,0.,-1.));
#4191=DIRECTION('',(1.,0.,0.));
#4192=DIRECTION('',(0.,0.,1.));
#4193=DIRECTION('',(-0.707106781186545,0.,0.70710678118655));
#4194=DIRECTION('',(-0.707106781186551,0.,-0.707106781186544));
#4195=DIRECTION('',(0.,0.,1.));
#4196=DIRECTION('',(1.,0.,0.));
#4197=DIRECTION('',(0.,0.,-1.));
#4198=DIRECTION('',(0.,0.,-1.));
#4199=DIRECTION('',(1.,0.,0.));
#4200=DIRECTION('',(0.,0.,1.));
#4201=DIRECTION('',(-0.707106781186551,0.,0.707106781186544));
#4202=DIRECTION('',(1.,0.,0.));
#4203=DIRECTION('',(-0.894427190999915,0.,-0.447213595499959));
#4204=DIRECTION('center_axis',(0.,-1.,0.));
#4205=DIRECTION('ref_axis',(0.,0.,-1.));
#4206=DIRECTION('',(0.,0.,1.));
#4207=DIRECTION('center_axis',(0.,-1.,0.));
#4208=DIRECTION('ref_axis',(0.,0.,-1.));
#4209=DIRECTION('',(0.,0.,1.));
#4210=DIRECTION('',(1.,0.,0.));
#4211=DIRECTION('',(0.,0.,1.));
#4212=DIRECTION('',(-1.,0.,0.));
#4213=DIRECTION('',(0.,0.,1.));
#4214=DIRECTION('',(1.,0.,0.));
#4215=DIRECTION('',(0.,0.,1.));
#4216=DIRECTION('',(-1.,0.,0.));
#4217=DIRECTION('',(0.,0.,-1.));
#4218=DIRECTION('',(0.,0.,-1.));
#4219=DIRECTION('',(-1.,-2.25875452601147E-16,0.));
#4220=DIRECTION('center_axis',(0.,1.,0.));
#4221=DIRECTION('ref_axis',(0.,0.,1.));
#4222=DIRECTION('',(0.,0.,1.));
#4223=DIRECTION('',(-1.,0.,0.));
#4224=DIRECTION('',(0.,0.,1.));
#4225=DIRECTION('',(0.707106781186551,0.,0.707106781186544));
#4226=DIRECTION('',(1.,0.,0.));
#4227=DIRECTION('',(0.70710678118655,0.,-0.707106781186545));
#4228=DIRECTION('',(0.,0.,-1.));
#4229=DIRECTION('',(1.,0.,0.));
#4230=DIRECTION('',(1.,0.,0.));
#4231=DIRECTION('',(0.,0.,-1.));
#4232=DIRECTION('',(1.,0.,0.));
#4233=DIRECTION('center_axis',(1.,1.0842021724855E-16,0.));
#4234=DIRECTION('ref_axis',(-1.0842021724855E-16,1.,0.));
#4235=DIRECTION('',(0.,0.,1.));
#4236=DIRECTION('',(-1.0842021724855E-16,1.,0.));
#4237=DIRECTION('',(-1.0842021724855E-16,1.,0.));
#4238=DIRECTION('',(0.,0.,1.));
#4239=DIRECTION('',(1.09515370958132E-16,-1.,2.19030741916263E-16));
#4240=DIRECTION('',(0.,0.,-1.));
#4241=DIRECTION('',(-1.09515370958132E-16,1.,0.));
#4242=DIRECTION('center_axis',(-1.,-1.0842021724855E-16,0.));
#4243=DIRECTION('ref_axis',(1.0842021724855E-16,-1.,0.));
#4244=DIRECTION('',(1.0842021724855E-16,-1.,0.));
#4245=DIRECTION('',(0.,0.,1.));
#4246=DIRECTION('',(1.0842021724855E-16,-1.,0.));
#4247=DIRECTION('',(0.,0.,1.));
#4248=DIRECTION('',(-1.09515370958132E-16,1.,0.));
#4249=DIRECTION('',(0.,0.,-1.));
#4250=DIRECTION('',(1.09515370958132E-16,-1.,2.19030741916263E-16));
#4251=DIRECTION('center_axis',(0.,0.,1.));
#4252=DIRECTION('ref_axis',(1.,0.,0.));
#4253=DIRECTION('',(1.,0.,0.));
#4254=DIRECTION('center_axis',(0.,0.,-1.));
#4255=DIRECTION('ref_axis',(-1.,0.,0.));
#4256=DIRECTION('',(-1.,0.,0.));
#4257=DIRECTION('',(-1.0842021724855E-16,1.,0.));
#4258=DIRECTION('',(1.,0.,0.));
#4259=DIRECTION('',(0.,1.,0.));
#4260=DIRECTION('center_axis',(0.,-1.,0.));
#4261=DIRECTION('ref_axis',(0.,0.,-1.));
#4262=DIRECTION('',(0.894427190999916,0.,-0.447213595499958));
#4263=DIRECTION('',(0.,0.,1.));
#4264=DIRECTION('center_axis',(0.,1.,0.));
#4265=DIRECTION('ref_axis',(0.,0.,-1.));
#4266=DIRECTION('',(-0.894427190999916,0.,-0.447213595499958));
#4267=DIRECTION('',(1.,0.,0.));
#4268=DIRECTION('',(-0.894427190999916,0.,-0.447213595499958));
#4269=DIRECTION('center_axis',(0.,1.,0.));
#4270=DIRECTION('ref_axis',(0.,0.,-1.));
#4271=DIRECTION('',(0.,0.,1.));
#4272=DIRECTION('',(0.894427190999916,0.,-0.447213595499958));
#4273=DIRECTION('',(1.,0.,0.));
#4274=DIRECTION('center_axis',(0.,-0.388057000058133,-0.921635375138065));
#4275=DIRECTION('ref_axis',(0.,0.921635375138065,-0.388057000058133));
#4276=DIRECTION('center_axis',(0.,-0.388057000058133,0.921635375138065));
#4277=DIRECTION('ref_axis',(0.,-0.921635375138065,-0.388057000058133));
#4278=DIRECTION('center_axis',(0.,1.,0.));
#4279=DIRECTION('ref_axis',(0.,0.,1.));
#4280=DIRECTION('center_axis',(0.,1.,0.));
#4281=DIRECTION('ref_axis',(0.,0.,1.));
#4282=DIRECTION('center_axis',(-1.,1.0842021724855E-16,0.));
#4283=DIRECTION('ref_axis',(-1.0842021724855E-16,-1.,0.));
#4284=DIRECTION('',(-1.0842021724855E-16,-1.,0.));
#4285=DIRECTION('',(1.0842021724855E-16,1.,0.));
#4286=DIRECTION('',(-1.09515370958132E-16,-1.,2.19030741916263E-16));
#4287=DIRECTION('',(0.,0.,1.));
#4288=DIRECTION('',(1.09515370958132E-16,1.,0.));
#4289=DIRECTION('',(0.,0.,-1.));
#4290=DIRECTION('center_axis',(1.,-1.0842021724855E-16,0.));
#4291=DIRECTION('ref_axis',(1.0842021724855E-16,1.,0.));
#4292=DIRECTION('',(1.0842021724855E-16,1.,0.));
#4293=DIRECTION('',(0.,0.,1.));
#4294=DIRECTION('',(-1.0842021724855E-16,-1.,0.));
#4295=DIRECTION('',(1.09515370958132E-16,1.,0.));
#4296=DIRECTION('',(0.,0.,1.));
#4297=DIRECTION('',(-1.09515370958132E-16,-1.,2.19030741916263E-16));
#4298=DIRECTION('',(0.,0.,-1.));
#4299=DIRECTION('center_axis',(0.,-1.,0.));
#4300=DIRECTION('ref_axis',(0.,0.,-1.));
#4301=DIRECTION('',(1.,0.,0.));
#4302=DIRECTION('',(0.,0.,1.));
#4303=DIRECTION('',(-1.,0.,0.));
#4304=DIRECTION('',(0.,0.,-1.));
#4305=DIRECTION('',(0.,0.,-1.));
#4306=DIRECTION('',(-1.,-2.25875452601147E-16,0.));
#4307=DIRECTION('',(0.,0.,1.));
#4308=DIRECTION('',(1.,0.,0.));
#4309=DIRECTION('',(1.,0.,0.));
#4310=DIRECTION('center_axis',(-1.0842021724855E-16,1.,0.));
#4311=DIRECTION('ref_axis',(-1.,-1.0842021724855E-16,0.));
#4312=DIRECTION('',(1.,1.0842021724855E-16,0.));
#4313=DIRECTION('',(1.,1.0842021724855E-16,0.));
#4314=DIRECTION('center_axis',(0.,0.,-1.));
#4315=DIRECTION('ref_axis',(-1.,0.,0.));
#4316=DIRECTION('',(1.,1.0842021724855E-16,0.));
#4317=DIRECTION('center_axis',(1.0842021724855E-16,-1.,0.));
#4318=DIRECTION('ref_axis',(1.,1.0842021724855E-16,0.));
#4319=DIRECTION('',(1.,1.0842021724855E-16,0.));
#4320=DIRECTION('center_axis',(-2.37473606226725E-32,2.19030741916263E-16,
1.));
#4321=DIRECTION('ref_axis',(0.,-1.,2.19030741916263E-16));
#4322=DIRECTION('center_axis',(0.,-0.990268068741571,0.139173100960059));
#4323=DIRECTION('ref_axis',(0.,-0.139173100960059,-0.990268068741571));
#4324=DIRECTION('',(0.,0.139173100960059,0.990268068741571));
#4325=DIRECTION('',(1.,0.,0.));
#4326=DIRECTION('',(0.,-0.139173100960059,-0.990268068741571));
#4327=DIRECTION('',(1.,0.,0.));
#4328=DIRECTION('center_axis',(1.,0.,0.));
#4329=DIRECTION('ref_axis',(0.,-0.601815023152052,0.79863551004729));
#4330=DIRECTION('center_axis',(1.,0.,0.));
#4331=DIRECTION('ref_axis',(0.,0.,1.));
#4332=DIRECTION('',(1.,0.,0.));
#4333=DIRECTION('center_axis',(-1.,0.,0.));
#4334=DIRECTION('ref_axis',(0.,0.,-1.));
#4335=DIRECTION('center_axis',(0.,0.139173100960062,0.990268068741571));
#4336=DIRECTION('ref_axis',(0.,-0.990268068741571,0.139173100960062));
#4337=DIRECTION('',(-0.496337196479791,-0.859681241989299,0.120820319327162));
#4338=DIRECTION('',(1.,0.,0.));
#4339=DIRECTION('',(-0.496337196479791,0.859681241989299,-0.120820319327162));
#4340=DIRECTION('center_axis',(1.,0.,0.));
#4341=DIRECTION('ref_axis',(0.,0.,-1.));
#4342=DIRECTION('center_axis',(1.,0.,0.));
#4343=DIRECTION('ref_axis',(0.,0.,-1.));
#4344=DIRECTION('',(1.,0.,0.));
#4345=DIRECTION('center_axis',(1.,0.,0.));
#4346=DIRECTION('ref_axis',(0.,0.,-1.));
#4347=DIRECTION('center_axis',(0.,1.,0.));
#4348=DIRECTION('ref_axis',(0.,0.,1.));
#4349=DIRECTION('',(1.,0.,0.));
#4350=DIRECTION('',(0.,0.,1.));
#4351=DIRECTION('',(0.,0.,1.));
#4352=DIRECTION('',(1.,0.,0.));
#4353=DIRECTION('center_axis',(0.,0.999911754583645,0.0132846921475887));
#4354=DIRECTION('ref_axis',(0.,-0.0132846921475887,0.999911754583645));
#4355=DIRECTION('',(0.,-0.0132846921475887,0.999911754583645));
#4356=DIRECTION('',(0.,-0.0132846921475887,0.999911754583645));
#4357=DIRECTION('center_axis',(0.,0.,1.));
#4358=DIRECTION('ref_axis',(1.,0.,0.));
#4359=DIRECTION('',(0.,-1.,0.));
#4360=DIRECTION('',(1.,0.,0.));
#4361=DIRECTION('',(0.,-1.,0.));
#4362=DIRECTION('center_axis',(0.,1.,0.));
#4363=DIRECTION('ref_axis',(0.,0.,1.));
#4364=DIRECTION('',(0.,0.,1.));
#4365=DIRECTION('',(1.,0.,0.));
#4366=DIRECTION('',(0.,0.,1.));
#4367=DIRECTION('center_axis',(0.,0.139173100960062,0.990268068741571));
#4368=DIRECTION('ref_axis',(0.,-0.990268068741571,0.139173100960062));
#4369=DIRECTION('',(0.,-0.990268068741571,0.139173100960062));
#4370=DIRECTION('',(-0.496337196479791,-0.859681241989299,0.120820319327162));
#4371=DIRECTION('',(0.,-0.990268068741571,0.139173100960062));
#4372=DIRECTION('',(1.,0.,0.));
#4373=DIRECTION('',(0.,0.990268068741571,-0.139173100960062));
#4374=DIRECTION('',(-0.496337196479791,0.859681241989299,-0.120820319327162));
#4375=DIRECTION('',(0.,-0.990268068741571,0.139173100960062));
#4376=DIRECTION('center_axis',(0.,-0.990268068741571,0.139173100960059));
#4377=DIRECTION('ref_axis',(0.,-0.139173100960059,-0.990268068741571));
#4378=DIRECTION('',(1.,0.,0.));
#4379=DIRECTION('',(0.,0.139173100960059,0.990268068741571));
#4380=DIRECTION('',(0.,-0.139173100960059,-0.990268068741571));
#4381=DIRECTION('center_axis',(0.,0.139173100960059,0.990268068741571));
#4382=DIRECTION('ref_axis',(0.,-0.990268068741571,0.139173100960059));
#4383=DIRECTION('',(0.,0.990268068741571,-0.139173100960059));
#4384=DIRECTION('',(0.,-0.990268068741571,0.139173100960059));
#4385=DIRECTION('center_axis',(1.,0.,0.));
#4386=DIRECTION('ref_axis',(0.,0.,-1.));
#4387=DIRECTION('',(0.,0.,1.));
#4388=DIRECTION('center_axis',(1.,0.,0.));
#4389=DIRECTION('ref_axis',(0.,0.,-1.));
#4390=DIRECTION('',(0.,0.,1.));
#4391=DIRECTION('center_axis',(-1.0842021724855E-16,-1.,0.));
#4392=DIRECTION('ref_axis',(1.,-1.0842021724855E-16,0.));
#4393=DIRECTION('',(-1.,1.0842021724855E-16,0.));
#4394=DIRECTION('',(-1.,1.0842021724855E-16,0.));
#4395=DIRECTION('center_axis',(-2.37473606226725E-32,-2.19030741916263E-16,
-1.));
#4396=DIRECTION('ref_axis',(0.,1.,-2.19030741916263E-16));
#4397=DIRECTION('',(-1.,1.0842021724855E-16,0.));
#4398=DIRECTION('center_axis',(1.0842021724855E-16,1.,0.));
#4399=DIRECTION('ref_axis',(-1.,1.0842021724855E-16,0.));
#4400=DIRECTION('',(-1.,1.0842021724855E-16,0.));
#4401=DIRECTION('center_axis',(0.,0.,1.));
#4402=DIRECTION('ref_axis',(1.,0.,0.));
#4403=DIRECTION('center_axis',(1.,0.,0.));
#4404=DIRECTION('ref_axis',(0.,0.,-1.));
#4405=DIRECTION('',(0.,1.,0.));
#4406=DIRECTION('',(0.,1.,0.));
#4407=DIRECTION('center_axis',(-1.,0.,0.));
#4408=DIRECTION('ref_axis',(0.,0.,1.));
#4409=DIRECTION('',(0.,-1.,0.));
#4410=DIRECTION('',(0.,-1.,0.));
#4411=DIRECTION('center_axis',(-1.,0.,0.));
#4412=DIRECTION('ref_axis',(0.,0.,1.));
#4413=DIRECTION('',(0.,1.,0.));
#4414=DIRECTION('',(0.,1.,0.));
#4415=DIRECTION('center_axis',(1.,0.,0.));
#4416=DIRECTION('ref_axis',(0.,0.,-1.));
#4417=DIRECTION('',(0.,-1.,0.));
#4418=DIRECTION('',(0.,-1.,0.));
#4419=DIRECTION('center_axis',(-0.86602540378444,0.499999999999998,0.));
#4420=DIRECTION('ref_axis',(-0.499999999999998,-0.86602540378444,0.));
#4421=DIRECTION('',(0.,0.,1.));
#4422=DIRECTION('center_axis',(-1.,0.,0.));
#4423=DIRECTION('ref_axis',(0.,0.,1.));
#4424=DIRECTION('center_axis',(1.,0.,0.));
#4425=DIRECTION('ref_axis',(0.,0.,-1.));
#4426=DIRECTION('',(0.,0.,1.));
#4427=DIRECTION('center_axis',(0.86602540378444,0.499999999999998,0.));
#4428=DIRECTION('ref_axis',(-0.499999999999998,0.86602540378444,0.));
#4429=DIRECTION('center_axis',(0.,-0.990268068741571,0.139173100960059));
#4430=DIRECTION('ref_axis',(0.,-0.139173100960059,-0.990268068741571));
#4431=DIRECTION('',(0.,0.139173100960059,0.990268068741571));
#4432=DIRECTION('',(1.,0.,0.));
#4433=DIRECTION('',(0.,-0.139173100960059,-0.990268068741571));
#4434=DIRECTION('',(1.,0.,0.));
#4435=DIRECTION('center_axis',(1.,0.,0.));
#4436=DIRECTION('ref_axis',(0.,-0.601815023152052,0.79863551004729));
#4437=DIRECTION('center_axis',(1.,0.,0.));
#4438=DIRECTION('ref_axis',(0.,0.,1.));
#4439=DIRECTION('',(1.,0.,0.));
#4440=DIRECTION('center_axis',(-1.,0.,0.));
#4441=DIRECTION('ref_axis',(0.,0.,-1.));
#4442=DIRECTION('center_axis',(0.,0.139173100960062,0.990268068741571));
#4443=DIRECTION('ref_axis',(0.,-0.990268068741571,0.139173100960062));
#4444=DIRECTION('',(-0.496337196479791,-0.859681241989299,0.120820319327162));
#4445=DIRECTION('',(1.,0.,0.));
#4446=DIRECTION('',(-0.496337196479791,0.859681241989299,-0.120820319327162));
#4447=DIRECTION('center_axis',(1.,0.,0.));
#4448=DIRECTION('ref_axis',(0.,0.,-1.));
#4449=DIRECTION('center_axis',(1.,0.,0.));
#4450=DIRECTION('ref_axis',(0.,0.,-1.));
#4451=DIRECTION('',(1.,0.,0.));
#4452=DIRECTION('center_axis',(1.,0.,0.));
#4453=DIRECTION('ref_axis',(0.,0.,-1.));
#4454=DIRECTION('center_axis',(0.,1.,0.));
#4455=DIRECTION('ref_axis',(0.,0.,1.));
#4456=DIRECTION('',(1.,0.,0.));
#4457=DIRECTION('',(0.,0.,1.));
#4458=DIRECTION('',(0.,0.,1.));
#4459=DIRECTION('',(1.,0.,0.));
#4460=DIRECTION('center_axis',(0.,0.999911754583645,0.0132846921475887));
#4461=DIRECTION('ref_axis',(0.,-0.0132846921475887,0.999911754583645));
#4462=DIRECTION('',(0.,-0.0132846921475887,0.999911754583645));
#4463=DIRECTION('',(0.,-0.0132846921475887,0.999911754583645));
#4464=DIRECTION('center_axis',(0.,0.,1.));
#4465=DIRECTION('ref_axis',(1.,0.,0.));
#4466=DIRECTION('',(0.,-1.,0.));
#4467=DIRECTION('',(1.,0.,0.));
#4468=DIRECTION('',(0.,-1.,0.));
#4469=DIRECTION('center_axis',(0.,1.,0.));
#4470=DIRECTION('ref_axis',(0.,0.,1.));
#4471=DIRECTION('',(0.,0.,1.));
#4472=DIRECTION('',(1.,0.,0.));
#4473=DIRECTION('',(0.,0.,1.));
#4474=DIRECTION('center_axis',(0.,0.139173100960062,0.990268068741571));
#4475=DIRECTION('ref_axis',(0.,-0.990268068741571,0.139173100960062));
#4476=DIRECTION('',(0.,-0.990268068741571,0.139173100960062));
#4477=DIRECTION('',(-0.496337196479791,-0.859681241989299,0.120820319327162));
#4478=DIRECTION('',(0.,-0.990268068741571,0.139173100960062));
#4479=DIRECTION('',(1.,0.,0.));
#4480=DIRECTION('',(0.,0.990268068741571,-0.139173100960062));
#4481=DIRECTION('',(-0.496337196479791,0.859681241989299,-0.120820319327162));
#4482=DIRECTION('',(0.,-0.990268068741571,0.139173100960062));
#4483=DIRECTION('center_axis',(0.,-0.990268068741571,0.139173100960059));
#4484=DIRECTION('ref_axis',(0.,-0.139173100960059,-0.990268068741571));
#4485=DIRECTION('',(1.,0.,0.));
#4486=DIRECTION('',(0.,0.139173100960059,0.990268068741571));
#4487=DIRECTION('',(0.,-0.139173100960059,-0.990268068741571));
#4488=DIRECTION('center_axis',(0.,0.139173100960059,0.990268068741571));
#4489=DIRECTION('ref_axis',(0.,-0.990268068741571,0.139173100960059));
#4490=DIRECTION('',(0.,0.990268068741571,-0.139173100960059));
#4491=DIRECTION('',(0.,-0.990268068741571,0.139173100960059));
#4492=DIRECTION('center_axis',(1.,0.,0.));
#4493=DIRECTION('ref_axis',(0.,0.,-1.));
#4494=DIRECTION('',(0.,0.,1.));
#4495=DIRECTION('center_axis',(1.,0.,0.));
#4496=DIRECTION('ref_axis',(0.,0.,-1.));
#4497=DIRECTION('',(0.,0.,1.));
#4498=DIRECTION('center_axis',(-0.86602540378444,0.499999999999998,0.));
#4499=DIRECTION('ref_axis',(-0.499999999999998,-0.86602540378444,0.));
#4500=DIRECTION('',(0.,0.,1.));
#4501=DIRECTION('center_axis',(-1.,0.,0.));
#4502=DIRECTION('ref_axis',(0.,0.,1.));
#4503=DIRECTION('center_axis',(1.,0.,0.));
#4504=DIRECTION('ref_axis',(0.,0.,-1.));
#4505=DIRECTION('',(0.,0.,1.));
#4506=DIRECTION('center_axis',(0.86602540378444,0.499999999999998,0.));
#4507=DIRECTION('ref_axis',(-0.499999999999998,0.86602540378444,0.));
#4508=DIRECTION('center_axis',(0.,0.,1.));
#4509=DIRECTION('ref_axis',(1.,0.,0.));
#4510=DIRECTION('center_axis',(0.,0.,1.));
#4511=DIRECTION('ref_axis',(1.,0.,0.));
#4512=DIRECTION('center_axis',(0.,0.,1.));
#4513=DIRECTION('ref_axis',(-1.,0.,0.));
#4514=DIRECTION('center_axis',(0.,0.,-1.));
#4515=DIRECTION('ref_axis',(-1.,0.,0.));
#4516=DIRECTION('center_axis',(-1.,0.,0.));
#4517=DIRECTION('ref_axis',(0.,0.,1.));
#4518=DIRECTION('',(0.,1.,0.));
#4519=DIRECTION('center_axis',(0.,0.,1.));
#4520=DIRECTION('ref_axis',(1.,0.,0.));
#4521=DIRECTION('center_axis',(1.,0.,0.));
#4522=DIRECTION('ref_axis',(0.,0.,-1.));
#4523=DIRECTION('',(0.,-1.,0.));
#4524=DIRECTION('center_axis',(0.,0.,1.));
#4525=DIRECTION('ref_axis',(1.,0.,0.));
#4526=DIRECTION('center_axis',(-1.,0.,0.));
#4527=DIRECTION('ref_axis',(0.,0.,1.));
#4528=DIRECTION('',(0.,1.,0.));
#4529=DIRECTION('center_axis',(0.,0.,1.));
#4530=DIRECTION('ref_axis',(1.,0.,0.));
#4531=DIRECTION('center_axis',(1.,0.,0.));
#4532=DIRECTION('ref_axis',(0.,0.,-1.));
#4533=DIRECTION('',(0.,-1.,0.));
#4534=DIRECTION('center_axis',(0.,0.,1.));
#4535=DIRECTION('ref_axis',(1.,0.,0.));
#4536=DIRECTION('center_axis',(-0.707106781186551,0.,0.707106781186544));
#4537=DIRECTION('ref_axis',(0.,1.,0.));
#4538=DIRECTION('',(0.577350269189624,-0.577350269189624,0.577350269189629));
#4539=DIRECTION('center_axis',(0.,-0.707106781186551,-0.707106781186544));
#4540=DIRECTION('ref_axis',(1.,0.,0.));
#4541=DIRECTION('',(0.577350269189622,-0.577350269189625,0.57735026918963));
#4542=DIRECTION('center_axis',(0.707106781186552,-7.66646708341692E-17,
-0.707106781186543));
#4543=DIRECTION('ref_axis',(1.0842021724855E-16,1.,0.));
#4544=DIRECTION('center_axis',(0.70710678118655,0.,0.707106781186545));
#4545=DIRECTION('ref_axis',(0.,-1.,0.));
#4546=DIRECTION('',(0.577350269189625,0.577350269189624,-0.577350269189629));
#4547=DIRECTION('center_axis',(0.,-0.707106781186551,-0.707106781186544));
#4548=DIRECTION('ref_axis',(1.,0.,0.));
#4549=DIRECTION('',(0.577350269189624,0.577350269189624,-0.577350269189629));
#4550=DIRECTION('center_axis',(-0.707106781186551,7.66646708341691E-17,
-0.707106781186544));
#4551=DIRECTION('ref_axis',(-1.0842021724855E-16,-1.,-6.16297582203915E-33));
#4552=DIRECTION('center_axis',(-0.707106781186544,0.,-0.707106781186551));
#4553=DIRECTION('ref_axis',(0.,-1.,0.));
#4554=DIRECTION('',(0.577350269189627,0.577350269189627,-0.577350269189623));
#4555=DIRECTION('center_axis',(0.,-0.707106781186544,-0.707106781186551));
#4556=DIRECTION('ref_axis',(1.,0.,0.));
#4557=DIRECTION('',(0.577350269189627,0.577350269189628,-0.577350269189623));
#4558=DIRECTION('center_axis',(-0.707106781186545,-7.66646708341685E-17,
-0.70710678118655));
#4559=DIRECTION('ref_axis',(1.0842021724855E-16,-1.,0.));
#4560=DIRECTION('center_axis',(0.707106781186544,0.,-0.707106781186551));
#4561=DIRECTION('ref_axis',(0.,1.,0.));
#4562=DIRECTION('',(0.577350269189627,-0.577350269189627,0.577350269189623));
#4563=DIRECTION('center_axis',(0.,-0.707106781186544,-0.707106781186551));
#4564=DIRECTION('ref_axis',(1.,0.,0.));
#4565=DIRECTION('',(0.577350269189627,-0.577350269189627,0.577350269189623));
#4566=DIRECTION('center_axis',(0.707106781186544,7.66646708341684E-17,-0.707106781186551));
#4567=DIRECTION('ref_axis',(-1.0842021724855E-16,1.,0.));
#4568=DIRECTION('center_axis',(0.,1.,0.));
#4569=DIRECTION('ref_axis',(-0.525731112119134,0.,-0.850650808352039));
#4570=DIRECTION('',(0.,1.,0.));
#4571=DIRECTION('center_axis',(0.,1.,0.));
#4572=DIRECTION('ref_axis',(0.,0.,-1.));
#4573=DIRECTION('',(0.,1.,0.));
#4574=DIRECTION('center_axis',(0.447213595499958,0.,-0.894427190999916));
#4575=DIRECTION('ref_axis',(-0.894427190999916,0.,-0.447213595499958));
#4576=DIRECTION('',(-0.894427190999916,0.,-0.447213595499958));
#4577=DIRECTION('center_axis',(0.447213595499958,0.,0.894427190999916));
#4578=DIRECTION('ref_axis',(0.894427190999916,0.,-0.447213595499958));
#4579=DIRECTION('',(0.894427190999916,0.,-0.447213595499958));
#4580=DIRECTION('center_axis',(-1.,0.,0.));
#4581=DIRECTION('ref_axis',(0.,0.,1.));
#4582=DIRECTION('',(0.,0.,1.));
#4583=DIRECTION('center_axis',(0.,-1.,0.));
#4584=DIRECTION('ref_axis',(0.,0.,-1.));
#4585=DIRECTION('center_axis',(0.,-1.,0.));
#4586=DIRECTION('ref_axis',(0.,0.,-1.));
#4587=DIRECTION('',(0.894427190999916,0.,-0.447213595499958));
#4588=DIRECTION('',(-0.894427190999916,0.,-0.447213595499958));
#4589=DIRECTION('center_axis',(0.,1.,0.));
#4590=DIRECTION('ref_axis',(-1.90819582357449E-13,0.,-1.));
#4591=DIRECTION('center_axis',(-1.,0.,0.));
#4592=DIRECTION('ref_axis',(0.,0.,1.));
#4593=DIRECTION('',(0.,1.,0.));
#4594=DIRECTION('center_axis',(0.447213595499958,0.,0.894427190999916));
#4595=DIRECTION('ref_axis',(0.894427190999916,0.,-0.447213595499958));
#4596=DIRECTION('center_axis',(0.447213595499958,0.,-0.894427190999916));
#4597=DIRECTION('ref_axis',(-0.894427190999916,0.,-0.447213595499958));
#4598=DIRECTION('',(0.,1.,0.));
#4599=DIRECTION('center_axis',(0.,1.,0.));
#4600=DIRECTION('ref_axis',(-0.525731112119129,0.,-0.850650808352043));
#4601=DIRECTION('center_axis',(-0.447213595499959,0.,0.894427190999915));
#4602=DIRECTION('ref_axis',(0.894427190999916,0.,0.447213595499959));
#4603=DIRECTION('',(0.,-1.,0.));
#4604=DIRECTION('',(-0.894427190999915,0.,-0.447213595499959));
#4605=DIRECTION('center_axis',(0.,-1.,0.));
#4606=DIRECTION('ref_axis',(0.525731112119127,0.,0.850650808352044));
#4607=DIRECTION('',(0.,-1.,0.));
#4608=DIRECTION('center_axis',(0.,-1.,0.));
#4609=DIRECTION('ref_axis',(0.,0.,-1.));
#4610=DIRECTION('center_axis',(1.,0.,0.));
#4611=DIRECTION('ref_axis',(0.,0.,-1.));
#4612=DIRECTION('',(0.,0.,1.));
#4613=DIRECTION('center_axis',(-0.447213595499959,0.,-0.894427190999915));
#4614=DIRECTION('ref_axis',(-0.894427190999916,0.,0.447213595499959));
#4615=DIRECTION('',(0.894427190999915,0.,-0.447213595499959));
#4616=DIRECTION('center_axis',(0.,1.,0.));
#4617=DIRECTION('ref_axis',(0.,0.,1.));
#4618=DIRECTION('center_axis',(0.,1.,0.));
#4619=DIRECTION('ref_axis',(0.,0.,1.));
#4620=DIRECTION('',(-0.894427190999915,0.,-0.447213595499959));
#4621=DIRECTION('',(0.894427190999915,0.,-0.447213595499959));
#4622=DIRECTION('',(0.,0.,1.));
#4623=DIRECTION('center_axis',(0.,-1.,0.));
#4624=DIRECTION('ref_axis',(0.,0.,1.));
#4625=DIRECTION('center_axis',(-0.447213595499959,0.,-0.894427190999915));
#4626=DIRECTION('ref_axis',(-0.894427190999916,0.,0.447213595499959));
#4627=DIRECTION('center_axis',(1.,0.,0.));
#4628=DIRECTION('ref_axis',(0.,0.,-1.));
#4629=DIRECTION('',(0.,-1.,0.));
#4630=DIRECTION('center_axis',(0.,-1.,0.));
#4631=DIRECTION('ref_axis',(0.525731112119127,0.,0.850650808352044));
#4632=DIRECTION('',(0.,-1.,0.));
#4633=DIRECTION('center_axis',(-0.447213595499959,0.,0.894427190999915));
#4634=DIRECTION('ref_axis',(0.894427190999916,0.,0.447213595499959));
#4635=CARTESIAN_POINT('',(0.,0.,0.));
#4636=CARTESIAN_POINT('Origin',(-3.1,0.610000000000002,-1.62362610052161));
#4637=CARTESIAN_POINT('',(-0.4,0.610000000000002,-1.62362610052161));
#4638=CARTESIAN_POINT('',(-0.4,0.610000000000002,2.17637389947839));
#4639=CARTESIAN_POINT('',(-0.4,0.610000000000002,-1.62362610052161));
#4640=CARTESIAN_POINT('',(-3.1,0.610000000000002,2.17637389947839));
#4641=CARTESIAN_POINT('',(-3.1,0.610000000000002,2.17637389947839));
#4642=CARTESIAN_POINT('',(-3.1,0.610000000000002,-1.62362610052161));
#4643=CARTESIAN_POINT('',(-3.1,0.610000000000002,-1.62362610052161));
#4644=CARTESIAN_POINT('',(-3.1,0.610000000000002,-1.62362610052161));
#4645=CARTESIAN_POINT('',(-2.15,0.610000000000002,-0.4));
#4646=CARTESIAN_POINT('',(-1.35,0.610000000000002,-0.4));
#4647=CARTESIAN_POINT('',(-2.15,0.610000000000002,-0.4));
#4648=CARTESIAN_POINT('',(-2.15,0.610000000000002,0.4));
#4649=CARTESIAN_POINT('',(-2.15,0.610000000000002,-0.4));
#4650=CARTESIAN_POINT('',(-1.35,0.610000000000002,0.4));
#4651=CARTESIAN_POINT('',(-2.15,0.610000000000002,0.4));
#4652=CARTESIAN_POINT('',(-1.35,0.610000000000002,-0.4));
#4653=CARTESIAN_POINT('Origin',(-3.1,0.960000000000002,2.17637389947839));
#4654=CARTESIAN_POINT('',(-0.4,0.760000000000001,2.17637389947839));
#4655=CARTESIAN_POINT('',(-0.4,0.960000000000002,2.17637389947839));
#4656=CARTESIAN_POINT('',(-3.1,0.760000000000001,2.17637389947839));
#4657=CARTESIAN_POINT('',(-3.1,0.760000000000001,2.17637389947839));
#4658=CARTESIAN_POINT('',(-3.1,0.960000000000002,2.17637389947839));
#4659=CARTESIAN_POINT('Origin',(-3.1,0.960000000000002,-1.62362610052161));
#4660=CARTESIAN_POINT('',(-0.6,0.960000000000002,-1.42362610052161));
#4661=CARTESIAN_POINT('',(-2.9,0.960000000000002,-1.42362610052161));
#4662=CARTESIAN_POINT('',(-3.1,0.960000000000002,-1.42362610052161));
#4663=CARTESIAN_POINT('',(-2.9,0.960000000000002,1.97637389947839));
#4664=CARTESIAN_POINT('',(-2.9,0.960000000000002,-1.62362610052161));
#4665=CARTESIAN_POINT('',(-0.6,0.960000000000002,1.97637389947839));
#4666=CARTESIAN_POINT('',(-3.1,0.960000000000002,1.97637389947839));
#4667=CARTESIAN_POINT('',(-0.6,0.960000000000002,-1.62362610052161));
#4668=CARTESIAN_POINT('Origin',(-3.1,0.610000000000002,-1.62362610052161));
#4669=CARTESIAN_POINT('',(-3.1,0.760000000000001,-1.62362610052161));
#4670=CARTESIAN_POINT('',(-3.1,0.610000000000002,-1.62362610052161));
#4671=CARTESIAN_POINT('',(-0.4,0.760000000000001,-1.62362610052161));
#4672=CARTESIAN_POINT('',(-3.1,0.760000000000001,-1.62362610052161));
#4673=CARTESIAN_POINT('',(-0.4,0.610000000000002,-1.62362610052161));
#4674=CARTESIAN_POINT('Origin',(-3.1,0.,0.));
#4675=CARTESIAN_POINT('',(-3.1,0.760000000000001,0.));
#4676=CARTESIAN_POINT('Origin',(-0.4,0.,0.));
#4677=CARTESIAN_POINT('',(-0.4,0.760000000000001,2.17637389947839));
#4678=CARTESIAN_POINT('Origin',(-2.15,1.74137084989848,0.4));
#4679=CARTESIAN_POINT('',(-2.15,-3.08999999999999,0.4));
#4680=CARTESIAN_POINT('',(-2.15,1.74137084989848,0.4));
#4681=CARTESIAN_POINT('',(-1.35,-3.08999999999999,0.4));
#4682=CARTESIAN_POINT('',(-2.15,-3.08999999999999,0.4));
#4683=CARTESIAN_POINT('',(-1.35,1.74137084989848,0.4));
#4684=CARTESIAN_POINT('Origin',(-2.15,1.74137084989848,-0.4));
#4685=CARTESIAN_POINT('',(-2.15,-3.08999999999999,-0.4));
#4686=CARTESIAN_POINT('',(-2.15,1.74137084989848,-0.4));
#4687=CARTESIAN_POINT('',(-2.15,-3.08999999999999,-0.4));
#4688=CARTESIAN_POINT('Origin',(-2.15,1.74137084989848,-0.4));
#4689=CARTESIAN_POINT('',(-1.35,-3.08999999999999,-0.4));
#4690=CARTESIAN_POINT('',(-1.35,1.74137084989848,-0.4));
#4691=CARTESIAN_POINT('',(-2.15,-3.08999999999999,-0.4));
#4692=CARTESIAN_POINT('Origin',(-1.35,1.74137084989848,-0.4));
#4693=CARTESIAN_POINT('',(-1.35,-3.08999999999999,-0.4));
#4694=CARTESIAN_POINT('Origin',(-1.75,-3.49,0.));
#4695=CARTESIAN_POINT('',(-1.95,-3.49,-0.199999999999999));
#4696=CARTESIAN_POINT('',(-1.55,-3.49,-0.199999999999999));
#4697=CARTESIAN_POINT('',(-1.75,-3.49,-0.199999999999999));
#4698=CARTESIAN_POINT('',(-1.55,-3.49,0.199999999999999));
#4699=CARTESIAN_POINT('',(-1.55,-3.49,0.));
#4700=CARTESIAN_POINT('',(-1.95,-3.49,0.199999999999999));
#4701=CARTESIAN_POINT('',(-1.75,-3.49,0.199999999999999));
#4702=CARTESIAN_POINT('',(-1.95,-3.49,0.));
#4703=CARTESIAN_POINT('Origin',(-0.6,0.960000000000002,-1.62362610052161));
#4704=CARTESIAN_POINT('',(-0.533333333333333,0.893333333333335,-1.49029276718827));
#4705=CARTESIAN_POINT('',(-1.43333333333333,1.79333333333334,1.14304056614506));
#4706=CARTESIAN_POINT('Origin',(-3.1,0.960000000000002,1.97637389947839));
#4707=CARTESIAN_POINT('',(-2.96666666666667,0.893333333333335,2.04304056614506));
#4708=CARTESIAN_POINT('Origin',(-3.1,0.760000000000001,-1.62362610052161));
#4709=CARTESIAN_POINT('',(-3.1,0.760000000000001,-1.62362610052161));
#4710=CARTESIAN_POINT('Origin',(-3.1,0.760000000000001,0.));
#4711=CARTESIAN_POINT('Origin',(-1.95,-3.49,0.));
#4712=CARTESIAN_POINT('',(-1.91666666666667,-3.55666666666666,0.166666666666666));
#4713=CARTESIAN_POINT('',(-1.91666666666667,-3.55666666666666,-0.166666666666666));
#4714=CARTESIAN_POINT('Origin',(-1.75,-3.49,-0.199999999999999));
#4715=CARTESIAN_POINT('',(-1.58333333333333,-3.55666666666666,-0.166666666666666));
#4716=CARTESIAN_POINT('Origin',(-1.75,-3.49,0.199999999999999));
#4717=CARTESIAN_POINT('',(-1.58333333333333,-3.55666666666666,0.166666666666666));
#4718=CARTESIAN_POINT('Origin',(-1.55,-3.49,0.));
#4719=CARTESIAN_POINT('Origin',(0.399999999999999,0.610000000000002,-1.62362610052161));
#4720=CARTESIAN_POINT('',(3.1,0.610000000000002,-1.62362610052161));
#4721=CARTESIAN_POINT('',(3.1,0.610000000000002,2.17637389947839));
#4722=CARTESIAN_POINT('',(3.1,0.610000000000002,-1.62362610052161));
#4723=CARTESIAN_POINT('',(0.399999999999999,0.610000000000002,2.17637389947839));
#4724=CARTESIAN_POINT('',(0.399999999999999,0.610000000000002,2.17637389947839));
#4725=CARTESIAN_POINT('',(0.399999999999999,0.610000000000002,-1.62362610052161));
#4726=CARTESIAN_POINT('',(0.399999999999999,0.610000000000002,-1.62362610052161));
#4727=CARTESIAN_POINT('',(0.399999999999999,0.610000000000002,-1.62362610052161));
#4728=CARTESIAN_POINT('',(1.35,0.610000000000002,-0.4));
#4729=CARTESIAN_POINT('',(2.15,0.610000000000002,-0.4));
#4730=CARTESIAN_POINT('',(1.35,0.610000000000002,-0.4));
#4731=CARTESIAN_POINT('',(1.35,0.610000000000002,0.4));
#4732=CARTESIAN_POINT('',(1.35,0.610000000000002,0.4));
#4733=CARTESIAN_POINT('',(2.15,0.610000000000002,0.4));
#4734=CARTESIAN_POINT('',(1.35,0.610000000000002,0.4));
#4735=CARTESIAN_POINT('',(2.15,0.610000000000002,0.4));
#4736=CARTESIAN_POINT('Origin',(0.399999999999999,0.960000000000002,2.17637389947839));
#4737=CARTESIAN_POINT('',(3.1,0.760000000000001,2.17637389947839));
#4738=CARTESIAN_POINT('',(3.1,0.960000000000002,2.17637389947839));
#4739=CARTESIAN_POINT('',(0.399999999999999,0.760000000000001,2.17637389947839));
#4740=CARTESIAN_POINT('',(0.399999999999999,0.760000000000001,2.17637389947839));
#4741=CARTESIAN_POINT('',(0.399999999999999,0.960000000000002,2.17637389947839));
#4742=CARTESIAN_POINT('Origin',(0.399999999999999,0.960000000000002,-1.62362610052161));
#4743=CARTESIAN_POINT('',(2.9,0.960000000000002,1.97637389947839));
#4744=CARTESIAN_POINT('',(2.9,0.960000000000002,-1.42362610052161));
#4745=CARTESIAN_POINT('',(2.9,0.960000000000002,-1.62362610052161));
#4746=CARTESIAN_POINT('',(0.6,0.960000000000002,-1.42362610052161));
#4747=CARTESIAN_POINT('',(0.399999999999999,0.960000000000002,-1.42362610052161));
#4748=CARTESIAN_POINT('',(0.6,0.960000000000002,1.97637389947839));
#4749=CARTESIAN_POINT('',(0.6,0.960000000000002,-1.62362610052161));
#4750=CARTESIAN_POINT('',(0.399999999999999,0.960000000000002,1.97637389947839));
#4751=CARTESIAN_POINT('Origin',(0.399999999999999,0.610000000000002,-1.62362610052161));
#4752=CARTESIAN_POINT('',(0.399999999999999,0.760000000000001,-1.62362610052161));
#4753=CARTESIAN_POINT('',(0.399999999999999,0.610000000000002,-1.62362610052161));
#4754=CARTESIAN_POINT('',(3.1,0.760000000000001,-1.62362610052161));
#4755=CARTESIAN_POINT('',(0.399999999999999,0.760000000000001,-1.62362610052161));
#4756=CARTESIAN_POINT('',(3.1,0.610000000000002,-1.62362610052161));
#4757=CARTESIAN_POINT('Origin',(0.399999999999999,0.,0.));
#4758=CARTESIAN_POINT('',(0.399999999999999,0.760000000000001,0.));
#4759=CARTESIAN_POINT('Origin',(3.1,0.,0.));
#4760=CARTESIAN_POINT('',(3.1,0.760000000000001,2.17637389947839));
#4761=CARTESIAN_POINT('Origin',(1.35,1.74137084989848,0.4));
#4762=CARTESIAN_POINT('',(1.35,-3.08999999999999,0.4));
#4763=CARTESIAN_POINT('',(1.35,1.74137084989848,0.4));
#4764=CARTESIAN_POINT('',(2.15,-3.08999999999999,0.4));
#4765=CARTESIAN_POINT('',(2.15,-3.08999999999999,0.4));
#4766=CARTESIAN_POINT('',(2.15,1.74137084989848,0.4));
#4767=CARTESIAN_POINT('Origin',(1.35,1.74137084989848,0.4));
#4768=CARTESIAN_POINT('',(1.35,-3.08999999999999,-0.4));
#4769=CARTESIAN_POINT('',(1.35,1.74137084989848,-0.4));
#4770=CARTESIAN_POINT('',(1.35,-3.08999999999999,0.4));
#4771=CARTESIAN_POINT('Origin',(1.35,1.74137084989848,-0.4));
#4772=CARTESIAN_POINT('',(2.15,-3.08999999999999,-0.4));
#4773=CARTESIAN_POINT('',(2.15,1.74137084989848,-0.4));
#4774=CARTESIAN_POINT('',(1.35,-3.08999999999999,-0.4));
#4775=CARTESIAN_POINT('Origin',(2.15,1.74137084989848,0.4));
#4776=CARTESIAN_POINT('',(2.15,-3.08999999999999,-0.4));
#4777=CARTESIAN_POINT('Origin',(1.75,-3.49,0.));
#4778=CARTESIAN_POINT('',(1.55,-3.49,-0.199999999999999));
#4779=CARTESIAN_POINT('',(1.95,-3.49,-0.199999999999999));
#4780=CARTESIAN_POINT('',(2.15,-3.49,-0.199999999999999));
#4781=CARTESIAN_POINT('',(1.95,-3.49,0.199999999999999));
#4782=CARTESIAN_POINT('',(1.95,-3.49,0.4));
#4783=CARTESIAN_POINT('',(1.55,-3.49,0.199999999999999));
#4784=CARTESIAN_POINT('',(1.35,-3.49,0.199999999999999));
#4785=CARTESIAN_POINT('',(1.55,-3.49,-0.4));
#4786=CARTESIAN_POINT('Origin',(0.399999999999999,0.960000000000002,1.97637389947839));
#4787=CARTESIAN_POINT('',(2.06666666666667,1.79333333333334,1.14304056614506));
#4788=CARTESIAN_POINT('',(1.1254579664928,1.4854579664928,1.4509159329856));
#4789=CARTESIAN_POINT('Origin',(0.399999999999999,0.760000000000001,0.));
#4790=CARTESIAN_POINT('',(0.941208700173868,1.30120870017387,-1.08241740034774));
#4791=CARTESIAN_POINT('Origin',(2.9,0.960000000000002,-1.62362610052161));
#4792=CARTESIAN_POINT('',(2.96666666666667,0.893333333333335,-1.49029276718827));
#4793=CARTESIAN_POINT('Origin',(0.399999999999999,0.760000000000001,-1.62362610052161));
#4794=CARTESIAN_POINT('Origin',(1.55,-3.49,0.));
#4795=CARTESIAN_POINT('',(1.58333333333333,-3.55666666666666,0.166666666666666));
#4796=CARTESIAN_POINT('',(1.58333333333333,-3.55666666666666,-0.166666666666666));
#4797=CARTESIAN_POINT('Origin',(1.75,-3.49,-0.199999999999999));
#4798=CARTESIAN_POINT('',(1.91666666666667,-3.55666666666666,-0.166666666666666));
#4799=CARTESIAN_POINT('Origin',(1.75,-3.49,0.199999999999999));
#4800=CARTESIAN_POINT('',(1.91666666666667,-3.55666666666666,0.166666666666666));
#4801=CARTESIAN_POINT('Origin',(1.95,-3.49,0.));
#4802=CARTESIAN_POINT('Origin',(-1.75,6.1,0.));
#4803=CARTESIAN_POINT('',(-1.75,6.1,-1.3));
#4804=CARTESIAN_POINT('Origin',(-1.75,6.1,0.));
#4805=CARTESIAN_POINT('',(-1.75,6.,-1.2));
#4806=CARTESIAN_POINT('Origin',(-1.75,6.1,-1.2));
#4807=CARTESIAN_POINT('Origin',(-1.75,6.,0.));
#4808=CARTESIAN_POINT('Origin',(-1.75,3.,0.));
#4809=CARTESIAN_POINT('',(-1.75,6.,-0.9));
#4810=CARTESIAN_POINT('Origin',(-1.75,6.,0.));
#4811=CARTESIAN_POINT('',(-1.75,3.,-0.9));
#4812=CARTESIAN_POINT('',(-1.75,3.,-0.9));
#4813=CARTESIAN_POINT('Origin',(-1.75,3.,0.));
#4814=CARTESIAN_POINT('Origin',(-1.75,6.,0.));
#4815=CARTESIAN_POINT('',(-0.474264917782693,7.15,0.25));
#4816=CARTESIAN_POINT('',(-3.02573508221731,7.15,0.25));
#4817=CARTESIAN_POINT('Origin',(-1.75,7.15,0.));
#4818=CARTESIAN_POINT('',(-3.02573508221731,7.15,-0.25));
#4819=CARTESIAN_POINT('Origin',(-1.75,7.15,0.));
#4820=CARTESIAN_POINT('',(-1.75,7.15,-1.3));
#4821=CARTESIAN_POINT('Origin',(-1.75,7.15,0.));
#4822=CARTESIAN_POINT('',(-1.75,6.,-1.3));
#4823=CARTESIAN_POINT('',(-0.474264917782693,7.15,-0.25));
#4824=CARTESIAN_POINT('Origin',(-1.75,7.15,0.));
#4825=CARTESIAN_POINT('Origin',(-1.75,7.15,0.));
#4826=CARTESIAN_POINT('Origin',(-1.75,7.15,0.));
#4827=CARTESIAN_POINT('',(-0.730196097281443,7.4,0.25));
#4828=CARTESIAN_POINT('Ctrl Pts',(-0.730196097281443,7.4,0.25));
#4829=CARTESIAN_POINT('Ctrl Pts',(-0.698234795999043,7.4,0.25));
#4830=CARTESIAN_POINT('Ctrl Pts',(-0.660585721368901,7.39268270116705,0.25));
#4831=CARTESIAN_POINT('Ctrl Pts',(-0.601944851163041,7.36871100913208,0.25));
#4832=CARTESIAN_POINT('Ctrl Pts',(-0.570465899973147,7.34802385482154,0.25));
#4833=CARTESIAN_POINT('Ctrl Pts',(-0.526130782421351,7.3042163365312,0.25));
#4834=CARTESIAN_POINT('Ctrl Pts',(-0.505303485329103,7.27348404914168,0.25));
#4835=CARTESIAN_POINT('Ctrl Pts',(-0.481527033139832,7.21668270635969,0.25));
#4836=CARTESIAN_POINT('Ctrl Pts',(-0.474264917782693,7.18063955826416,0.25));
#4837=CARTESIAN_POINT('Ctrl Pts',(-0.474264917782693,7.15,0.25));
#4838=CARTESIAN_POINT('',(-2.76980390271856,7.4,0.25));
#4839=CARTESIAN_POINT('Origin',(-1.75,7.4,0.));
#4840=CARTESIAN_POINT('Ctrl Pts',(-3.02573508221731,7.15,0.25));
#4841=CARTESIAN_POINT('Ctrl Pts',(-3.02573508221731,7.18063955826416,0.25));
#4842=CARTESIAN_POINT('Ctrl Pts',(-3.01847296686017,7.21668270635969,0.25));
#4843=CARTESIAN_POINT('Ctrl Pts',(-2.9946965146709,7.27348404914168,0.25));
#4844=CARTESIAN_POINT('Ctrl Pts',(-2.97386921757865,7.3042163365312,0.25));
#4845=CARTESIAN_POINT('Ctrl Pts',(-2.92953410002685,7.34802385482154,0.25));
#4846=CARTESIAN_POINT('Ctrl Pts',(-2.89805514883696,7.36871100913208,0.25));
#4847=CARTESIAN_POINT('Ctrl Pts',(-2.8394142786311,7.39268270116705,0.25));
#4848=CARTESIAN_POINT('Ctrl Pts',(-2.80176520400096,7.4,0.25));
#4849=CARTESIAN_POINT('Ctrl Pts',(-2.76980390271856,7.4,0.25));
#4850=CARTESIAN_POINT('Origin',(-1.75,7.4,0.));
#4851=CARTESIAN_POINT('',(-3.03013664009435,7.4,0.25));
#4852=CARTESIAN_POINT('Origin',(-1.75,6.,0.));
#4853=CARTESIAN_POINT('Origin',(-1.75,7.4,0.));
#4854=CARTESIAN_POINT('',(-0.730196097281443,7.4,-0.25));
#4855=CARTESIAN_POINT('',(-2.76980390271856,7.4,-0.25));
#4856=CARTESIAN_POINT('',(-3.03013664009435,7.4,-0.25));
#4857=CARTESIAN_POINT('Origin',(-1.75,7.4,0.));
#4858=CARTESIAN_POINT('Origin',(-1.75,3.,0.));
#4859=CARTESIAN_POINT('Origin',(-1.75,7.15,0.));
#4860=CARTESIAN_POINT('Ctrl Pts',(-2.76980390271856,7.4,-0.25));
#4861=CARTESIAN_POINT('Ctrl Pts',(-2.80176520400096,7.4,-0.25));
#4862=CARTESIAN_POINT('Ctrl Pts',(-2.8394142786311,7.39268270116705,-0.25));
#4863=CARTESIAN_POINT('Ctrl Pts',(-2.89805514883696,7.36871100913208,-0.25));
#4864=CARTESIAN_POINT('Ctrl Pts',(-2.92953410002685,7.34802385482154,-0.25));
#4865=CARTESIAN_POINT('Ctrl Pts',(-2.97386921757865,7.3042163365312,-0.25));
#4866=CARTESIAN_POINT('Ctrl Pts',(-2.9946965146709,7.27348404914168,-0.25));
#4867=CARTESIAN_POINT('Ctrl Pts',(-3.01847296686017,7.21668270635969,-0.25));
#4868=CARTESIAN_POINT('Ctrl Pts',(-3.02573508221731,7.18063955826416,-0.25));
#4869=CARTESIAN_POINT('Ctrl Pts',(-3.02573508221731,7.15,-0.25));
#4870=CARTESIAN_POINT('Ctrl Pts',(-0.474264917782693,7.15,-0.25));
#4871=CARTESIAN_POINT('Ctrl Pts',(-0.474264917782693,7.18063955826416,-0.25));
#4872=CARTESIAN_POINT('Ctrl Pts',(-0.481527033139832,7.21668270635969,-0.25));
#4873=CARTESIAN_POINT('Ctrl Pts',(-0.505303485329103,7.27348404914168,-0.25));
#4874=CARTESIAN_POINT('Ctrl Pts',(-0.526130782421351,7.3042163365312,-0.25));
#4875=CARTESIAN_POINT('Ctrl Pts',(-0.570465899973147,7.34802385482154,-0.25));
#4876=CARTESIAN_POINT('Ctrl Pts',(-0.601944851163041,7.36871100913208,-0.25));
#4877=CARTESIAN_POINT('Ctrl Pts',(-0.660585721368901,7.39268270116705,-0.25));
#4878=CARTESIAN_POINT('Ctrl Pts',(-0.698234795999043,7.4,-0.25));
#4879=CARTESIAN_POINT('Ctrl Pts',(-0.730196097281443,7.4,-0.25));
#4880=CARTESIAN_POINT('Origin',(-3.03013664009435,7.15,0.25));
#4881=CARTESIAN_POINT('',(-3.03013664009435,7.15,0.25));
#4882=CARTESIAN_POINT('Origin',(-3.03013664009435,7.15,-0.25));
#4883=CARTESIAN_POINT('',(-3.03013664009435,7.15,-0.25));
#4884=CARTESIAN_POINT('Origin',(-1.75,7.15,0.));
#4885=CARTESIAN_POINT('Origin',(1.75,7.15,0.));
#4886=CARTESIAN_POINT('',(3.02573508221731,7.15,0.25));
#4887=CARTESIAN_POINT('',(0.474264917782693,7.15,0.25));
#4888=CARTESIAN_POINT('Origin',(1.75,7.15,0.));
#4889=CARTESIAN_POINT('',(2.76980390271856,7.4,0.25));
#4890=CARTESIAN_POINT('Ctrl Pts',(2.76980390271856,7.4,0.25));
#4891=CARTESIAN_POINT('Ctrl Pts',(2.80176520400096,7.4,0.25));
#4892=CARTESIAN_POINT('Ctrl Pts',(2.8394142786311,7.39268270116705,0.25));
#4893=CARTESIAN_POINT('Ctrl Pts',(2.89805514883696,7.36871100913208,0.25));
#4894=CARTESIAN_POINT('Ctrl Pts',(2.92953410002685,7.34802385482154,0.25));
#4895=CARTESIAN_POINT('Ctrl Pts',(2.97386921757865,7.3042163365312,0.25));
#4896=CARTESIAN_POINT('Ctrl Pts',(2.9946965146709,7.27348404914168,0.25));
#4897=CARTESIAN_POINT('Ctrl Pts',(3.01847296686017,7.21668270635969,0.25));
#4898=CARTESIAN_POINT('Ctrl Pts',(3.02573508221731,7.18063955826416,0.25));
#4899=CARTESIAN_POINT('Ctrl Pts',(3.02573508221731,7.15,0.25));
#4900=CARTESIAN_POINT('',(0.730196097281443,7.4,0.25));
#4901=CARTESIAN_POINT('Origin',(1.75,7.4,0.));
#4902=CARTESIAN_POINT('Ctrl Pts',(0.474264917782692,7.15,0.25));
#4903=CARTESIAN_POINT('Ctrl Pts',(0.474264917782692,7.18063955826416,0.25));
#4904=CARTESIAN_POINT('Ctrl Pts',(0.481527033139831,7.21668270635969,0.25));
#4905=CARTESIAN_POINT('Ctrl Pts',(0.505303485329102,7.27348404914168,0.25));
#4906=CARTESIAN_POINT('Ctrl Pts',(0.52613078242135,7.3042163365312,0.25));
#4907=CARTESIAN_POINT('Ctrl Pts',(0.570465899973146,7.34802385482154,0.25));
#4908=CARTESIAN_POINT('Ctrl Pts',(0.601944851163041,7.36871100913208,0.25));
#4909=CARTESIAN_POINT('Ctrl Pts',(0.6605857213689,7.39268270116705,0.25));
#4910=CARTESIAN_POINT('Ctrl Pts',(0.698234795999042,7.4,0.25));
#4911=CARTESIAN_POINT('Ctrl Pts',(0.730196097281443,7.4,0.25));
#4912=CARTESIAN_POINT('Origin',(1.75,6.1,0.));
#4913=CARTESIAN_POINT('',(1.75,6.1,-1.3));
#4914=CARTESIAN_POINT('Origin',(1.75,6.1,0.));
#4915=CARTESIAN_POINT('',(1.75,6.,-1.2));
#4916=CARTESIAN_POINT('Origin',(1.75,6.1,-1.2));
#4917=CARTESIAN_POINT('Origin',(1.75,6.,0.));
#4918=CARTESIAN_POINT('Origin',(1.75,3.,0.));
#4919=CARTESIAN_POINT('',(1.75,6.,-0.9));
#4920=CARTESIAN_POINT('Origin',(1.75,6.,0.));
#4921=CARTESIAN_POINT('',(1.75,3.,-0.9));
#4922=CARTESIAN_POINT('',(1.75,3.,-0.9));
#4923=CARTESIAN_POINT('Origin',(1.75,3.,0.));
#4924=CARTESIAN_POINT('Origin',(1.75,6.,0.));
#4925=CARTESIAN_POINT('',(0.474264917782693,7.15,-0.25));
#4926=CARTESIAN_POINT('Origin',(1.75,7.15,0.));
#4927=CARTESIAN_POINT('',(1.75,7.15,-1.3));
#4928=CARTESIAN_POINT('Origin',(1.75,7.15,0.));
#4929=CARTESIAN_POINT('',(1.75,6.,-1.3));
#4930=CARTESIAN_POINT('',(3.02573508221731,7.15,-0.25));
#4931=CARTESIAN_POINT('Origin',(1.75,7.15,0.));
#4932=CARTESIAN_POINT('Origin',(1.75,7.15,0.));
#4933=CARTESIAN_POINT('Origin',(1.75,7.4,0.));
#4934=CARTESIAN_POINT('',(1.75,7.4,0.25));
#4935=CARTESIAN_POINT('Origin',(1.75,6.,0.));
#4936=CARTESIAN_POINT('Origin',(1.75,7.4,0.));
#4937=CARTESIAN_POINT('',(2.76980390271856,7.4,-0.25));
#4938=CARTESIAN_POINT('',(0.730196097281443,7.4,-0.25));
#4939=CARTESIAN_POINT('',(1.75,7.4,-0.25));
#4940=CARTESIAN_POINT('Origin',(1.75,7.4,0.));
#4941=CARTESIAN_POINT('Origin',(1.75,3.,0.));
#4942=CARTESIAN_POINT('Origin',(0.46986335990565,7.15,0.25));
#4943=CARTESIAN_POINT('',(0.46986335990565,7.15,0.25));
#4944=CARTESIAN_POINT('Origin',(0.46986335990565,7.15,-0.25));
#4945=CARTESIAN_POINT('Ctrl Pts',(0.730196097281443,7.4,-0.25));
#4946=CARTESIAN_POINT('Ctrl Pts',(0.698234795999042,7.4,-0.25));
#4947=CARTESIAN_POINT('Ctrl Pts',(0.6605857213689,7.39268270116705,-0.25));
#4948=CARTESIAN_POINT('Ctrl Pts',(0.601944851163041,7.36871100913208,-0.25));
#4949=CARTESIAN_POINT('Ctrl Pts',(0.570465899973147,7.34802385482154,-0.25));
#4950=CARTESIAN_POINT('Ctrl Pts',(0.52613078242135,7.3042163365312,-0.25));
#4951=CARTESIAN_POINT('Ctrl Pts',(0.505303485329102,7.27348404914168,-0.25));
#4952=CARTESIAN_POINT('Ctrl Pts',(0.481527033139831,7.21668270635969,-0.25));
#4953=CARTESIAN_POINT('Ctrl Pts',(0.474264917782692,7.18063955826416,-0.25));
#4954=CARTESIAN_POINT('Ctrl Pts',(0.474264917782692,7.15,-0.25));
#4955=CARTESIAN_POINT('',(0.46986335990565,7.15,-0.25));
#4956=CARTESIAN_POINT('Ctrl Pts',(3.02573508221731,7.15,-0.25));
#4957=CARTESIAN_POINT('Ctrl Pts',(3.02573508221731,7.18063955826416,-0.25));
#4958=CARTESIAN_POINT('Ctrl Pts',(3.01847296686017,7.21668270635969,-0.25));
#4959=CARTESIAN_POINT('Ctrl Pts',(2.9946965146709,7.27348404914168,-0.25));
#4960=CARTESIAN_POINT('Ctrl Pts',(2.97386921757865,7.3042163365312,-0.25));
#4961=CARTESIAN_POINT('Ctrl Pts',(2.92953410002685,7.34802385482154,-0.25));
#4962=CARTESIAN_POINT('Ctrl Pts',(2.89805514883696,7.36871100913208,-0.25));
#4963=CARTESIAN_POINT('Ctrl Pts',(2.8394142786311,7.39268270116705,-0.25));
#4964=CARTESIAN_POINT('Ctrl Pts',(2.80176520400096,7.4,-0.25));
#4965=CARTESIAN_POINT('Ctrl Pts',(2.76980390271856,7.4,-0.25));
#4966=CARTESIAN_POINT('Origin',(1.75,7.15,0.));
#4967=CARTESIAN_POINT('Origin',(1.75,7.15,0.));
#4968=CARTESIAN_POINT('Origin',(-3.15,5.35318981783314,-2.8690983005625));
#4969=CARTESIAN_POINT('',(-3.172360679775,4.6,-2.9138196601125));
#4970=CARTESIAN_POINT('',(-3.1,4.6,-2.8690983005625));
#4971=CARTESIAN_POINT('Origin',(-3.15,4.6,-2.8690983005625));
#4972=CARTESIAN_POINT('',(-3.172360679775,0.,-2.9138196601125));
#4973=CARTESIAN_POINT('',(-3.172360679775,5.35318981783314,-2.9138196601125));
#4974=CARTESIAN_POINT('',(-3.1,0.,-2.8690983005625));
#4975=CARTESIAN_POINT('Origin',(-3.15,0.,-2.8690983005625));
#4976=CARTESIAN_POINT('',(-3.1,5.35318981783314,-2.8690983005625));
#4977=CARTESIAN_POINT('Origin',(3.85,4.6,-2.8690983005625));
#4978=CARTESIAN_POINT('',(3.827639320225,4.6,-2.9138196601125));
#4979=CARTESIAN_POINT('',(3.9,4.6,-2.8690983005625));
#4980=CARTESIAN_POINT('Origin',(3.85,4.6,-2.8690983005625));
#4981=CARTESIAN_POINT('',(3.9,0.,-2.8690983005625));
#4982=CARTESIAN_POINT('',(3.9,4.6,-2.8690983005625));
#4983=CARTESIAN_POINT('',(3.827639320225,0.,-2.9138196601125));
#4984=CARTESIAN_POINT('Origin',(3.85,0.,-2.8690983005625));
#4985=CARTESIAN_POINT('',(3.827639320225,4.6,-2.9138196601125));
#4986=CARTESIAN_POINT('Origin',(3.15,3.84681018216686,1.56909830056251));
#4987=CARTESIAN_POINT('',(3.15,4.6,1.61909830056251));
#4988=CARTESIAN_POINT('',(3.172360679775,4.6,1.6138196601125));
#4989=CARTESIAN_POINT('Origin',(3.15,4.6,1.56909830056251));
#4990=CARTESIAN_POINT('',(3.1,4.6,1.5690983005625));
#4991=CARTESIAN_POINT('Origin',(3.15,4.6,1.56909830056251));
#4992=CARTESIAN_POINT('',(3.1,8.4,1.5690983005625));
#4993=CARTESIAN_POINT('',(3.1,3.84681018216686,1.5690983005625));
#4994=CARTESIAN_POINT('',(3.172360679775,8.4,1.6138196601125));
#4995=CARTESIAN_POINT('Origin',(3.15,8.4,1.56909830056251));
#4996=CARTESIAN_POINT('',(3.172360679775,3.84681018216686,1.6138196601125));
#4997=CARTESIAN_POINT('Origin',(-3.85,4.6,1.56909830056251));
#4998=CARTESIAN_POINT('',(-3.9,4.6,1.5690983005625));
#4999=CARTESIAN_POINT('',(-3.827639320225,4.6,1.6138196601125));
#5000=CARTESIAN_POINT('Origin',(-3.85,4.6,1.56909830056251));
#5001=CARTESIAN_POINT('',(-3.827639320225,8.4,1.6138196601125));
#5002=CARTESIAN_POINT('',(-3.827639320225,4.6,1.6138196601125));
#5003=CARTESIAN_POINT('',(-3.9,8.4,1.5690983005625));
#5004=CARTESIAN_POINT('Origin',(-3.85,8.4,1.56909830056251));
#5005=CARTESIAN_POINT('',(-3.9,4.6,1.5690983005625));
#5006=CARTESIAN_POINT('Origin',(-1.75,2.34133101003856,-1.75));
#5007=CARTESIAN_POINT('',(-0.750000000000001,2.34133101003856,-1.75));
#5008=CARTESIAN_POINT('',(-2.75,2.34133101003856,-1.75));
#5009=CARTESIAN_POINT('Origin',(-1.75,2.34133101003856,-1.75));
#5010=CARTESIAN_POINT('Origin',(-1.75,2.34133101003856,-1.75));
#5011=CARTESIAN_POINT('',(-2.85,2.34133101003856,-1.65));
#5012=CARTESIAN_POINT('',(-2.75,2.34133101003856,-1.75));
#5013=CARTESIAN_POINT('Origin',(-1.75,2.34133101003856,-1.65));
#5014=CARTESIAN_POINT('Origin',(1.75,2.34133101003856,-1.65));
#5015=CARTESIAN_POINT('',(2.75,2.34133101003856,-1.75));
#5016=CARTESIAN_POINT('',(0.750000000000001,2.34133101003856,-1.75));
#5017=CARTESIAN_POINT('Origin',(1.75,2.34133101003856,-1.75));
#5018=CARTESIAN_POINT('Origin',(1.75,2.34133101003856,-1.75));
#5019=CARTESIAN_POINT('',(0.65,2.34133101003856,-1.65));
#5020=CARTESIAN_POINT('',(0.65,2.34133101003856,-1.65));
#5021=CARTESIAN_POINT('Origin',(1.75,2.34133101003856,-1.65));
#5022=CARTESIAN_POINT('Origin',(1.75,2.34133101003856,-1.65));
#5023=CARTESIAN_POINT('',(2.75,2.34133101003856,-2.85));
#5024=CARTESIAN_POINT('',(2.75,2.34133101003856,-1.65));
#5025=CARTESIAN_POINT('Origin',(1.75,2.34133101003856,-2.85));
#5026=CARTESIAN_POINT('Origin',(-1.75,2.34133101003856,-1.65));
#5027=CARTESIAN_POINT('',(-0.750000000000001,2.34133101003856,-2.85));
#5028=CARTESIAN_POINT('',(-0.750000000000001,2.34133101003856,-1.65));
#5029=CARTESIAN_POINT('Origin',(-1.75,2.34133101003856,-2.85));
#5030=CARTESIAN_POINT('Origin',(1.75,3.24867141354358,0.));
#5031=CARTESIAN_POINT('',(1.75,4.39734282708715,-1.));
#5032=CARTESIAN_POINT('Origin',(1.75,4.39734282708715,0.));
#5033=CARTESIAN_POINT('',(1.75,4.59867141354358,-1.));
#5034=CARTESIAN_POINT('',(1.75,3.24867141354358,-1.));
#5035=CARTESIAN_POINT('',(1.31411010564593,4.59734282708715,-0.9));
#5036=CARTESIAN_POINT('Origin',(1.75000147379021,4.58538769113801,-0.000161235924311248));
#5037=CARTESIAN_POINT('',(2.18588999602262,4.59734283277705,-0.900000443014898));
#5038=CARTESIAN_POINT('Origin',(1.75,4.59734282708715,0.));
#5039=CARTESIAN_POINT('Origin',(1.75000147379021,4.58538769113801,-0.000161235924311248));
#5040=CARTESIAN_POINT('Origin',(-1.75,3.24867141354358,0.));
#5041=CARTESIAN_POINT('',(-1.75,3.39734282708715,-1.));
#5042=CARTESIAN_POINT('Origin',(-1.75,3.39734282708715,0.));
#5043=CARTESIAN_POINT('',(-1.75,4.38734282708715,-1.));
#5044=CARTESIAN_POINT('',(-1.75,3.24867141354358,-1.));
#5045=CARTESIAN_POINT('Origin',(-1.75,4.38734282708715,0.));
#5046=CARTESIAN_POINT('Origin',(-1.75,3.24867141354358,0.));
#5047=CARTESIAN_POINT('',(-1.75,4.39734282708715,-1.));
#5048=CARTESIAN_POINT('Origin',(-1.75,4.39734282708715,0.));
#5049=CARTESIAN_POINT('',(-1.75,4.59867141354358,-1.));
#5050=CARTESIAN_POINT('',(-1.75,3.24867141354358,-1.));
#5051=CARTESIAN_POINT('',(-2.18588989435407,4.59734282708715,-0.9));
#5052=CARTESIAN_POINT('Origin',(-1.74999852620978,4.58538769113801,-0.000161235924314579));
#5053=CARTESIAN_POINT('',(-1.31411000397739,4.59734283277705,-0.900000443014901));
#5054=CARTESIAN_POINT('Origin',(-1.75,4.59734282708715,0.));
#5055=CARTESIAN_POINT('Origin',(-1.74999852620978,4.58538769113801,-0.000161235924314579));
#5056=CARTESIAN_POINT('Origin',(1.75,3.24867141354358,0.));
#5057=CARTESIAN_POINT('',(1.75,3.39734282708715,-1.));
#5058=CARTESIAN_POINT('Origin',(1.75,3.39734282708715,0.));
#5059=CARTESIAN_POINT('',(1.75,4.38734282708715,-1.));
#5060=CARTESIAN_POINT('',(1.75,3.24867141354358,-1.));
#5061=CARTESIAN_POINT('Origin',(1.75,4.38734282708715,0.));
#5062=CARTESIAN_POINT('Origin',(1.75,2.9,0.));
#5063=CARTESIAN_POINT('',(1.75,4.6,-1.1));
#5064=CARTESIAN_POINT('Origin',(1.75,4.6,0.));
#5065=CARTESIAN_POINT('',(1.75,4.9,-1.1));
#5066=CARTESIAN_POINT('',(1.75,2.9,-1.1));
#5067=CARTESIAN_POINT('Origin',(1.75,4.9,0.));
#5068=CARTESIAN_POINT('Origin',(-1.75,2.9,0.));
#5069=CARTESIAN_POINT('',(-1.75,4.6,-1.1));
#5070=CARTESIAN_POINT('Origin',(-1.75,4.6,0.));
#5071=CARTESIAN_POINT('',(-1.75,4.9,-1.1));
#5072=CARTESIAN_POINT('',(-1.75,2.9,-1.1));
#5073=CARTESIAN_POINT('Origin',(-1.75,4.9,0.));
#5074=CARTESIAN_POINT('Origin',(-1.75,4.9,0.));
#5075=CARTESIAN_POINT('',(-1.75,4.9,-1.45));
#5076=CARTESIAN_POINT('Origin',(-1.75,4.9,0.));
#5077=CARTESIAN_POINT('',(-1.75,8.4,-1.45));
#5078=CARTESIAN_POINT('',(-1.75,4.9,-1.45));
#5079=CARTESIAN_POINT('Origin',(-1.75,8.4,0.));
#5080=CARTESIAN_POINT('Origin',(1.75,4.9,0.));
#5081=CARTESIAN_POINT('',(1.75,4.9,-1.45));
#5082=CARTESIAN_POINT('Origin',(1.75,4.9,0.));
#5083=CARTESIAN_POINT('',(1.75,8.4,-1.45));
#5084=CARTESIAN_POINT('',(1.75,4.9,-1.45));
#5085=CARTESIAN_POINT('Origin',(1.75,8.4,0.));
#5086=CARTESIAN_POINT('Origin',(3.5,8.4,3.4));
#5087=CARTESIAN_POINT('',(3.5,4.6,-2.45));
#5088=CARTESIAN_POINT('',(3.5,0.,-2.45));
#5089=CARTESIAN_POINT('',(3.5,4.6,-2.45));
#5090=CARTESIAN_POINT('',(3.5,4.6,-2.75));
#5091=CARTESIAN_POINT('',(3.5,4.6,-2.45));
#5092=CARTESIAN_POINT('',(3.5,0.,-2.75));
#5093=CARTESIAN_POINT('',(3.5,4.6,-2.75));
#5094=CARTESIAN_POINT('',(3.5,0.,-3.4));
#5095=CARTESIAN_POINT('',(3.5,0.,3.4));
#5096=CARTESIAN_POINT('',(3.5,4.6,-3.4));
#5097=CARTESIAN_POINT('',(3.5,8.4,-3.4));
#5098=CARTESIAN_POINT('',(3.5,8.4,-1.8));
#5099=CARTESIAN_POINT('',(3.5,8.4,-1.8));
#5100=CARTESIAN_POINT('',(3.5,8.4,1.15));
#5101=CARTESIAN_POINT('',(3.5,8.4,3.4));
#5102=CARTESIAN_POINT('',(3.5,4.6,1.15));
#5103=CARTESIAN_POINT('',(3.5,3.84681018216686,1.15));
#5104=CARTESIAN_POINT('',(3.5,4.6,1.45));
#5105=CARTESIAN_POINT('',(3.5,4.6,1.45));
#5106=CARTESIAN_POINT('',(3.5,8.4,1.45));
#5107=CARTESIAN_POINT('',(3.5,3.84681018216686,1.45));
#5108=CARTESIAN_POINT('',(3.5,8.4,1.8));
#5109=CARTESIAN_POINT('',(3.5,8.4,3.4));
#5110=CARTESIAN_POINT('',(3.5,4.6,3.4));
#5111=CARTESIAN_POINT('',(3.5,8.4,1.8));
#5112=CARTESIAN_POINT('',(3.5,0.,3.4));
#5113=CARTESIAN_POINT('',(3.5,8.4,3.4));
#5114=CARTESIAN_POINT('',(3.5,0.,3.4));
#5115=CARTESIAN_POINT('Origin',(-3.5,8.4,3.4));
#5116=CARTESIAN_POINT('',(-3.5,0.,-3.4));
#5117=CARTESIAN_POINT('',(-3.5,0.,-2.75));
#5118=CARTESIAN_POINT('',(-3.5,0.,3.4));
#5119=CARTESIAN_POINT('',(-3.5,4.6,-2.75));
#5120=CARTESIAN_POINT('',(-3.5,5.35318981783314,-2.75));
#5121=CARTESIAN_POINT('',(-3.5,4.6,-2.45));
#5122=CARTESIAN_POINT('',(-3.5,4.6,-2.45));
#5123=CARTESIAN_POINT('',(-3.5,0.,-2.45));
#5124=CARTESIAN_POINT('',(-3.5,5.35318981783314,-2.45));
#5125=CARTESIAN_POINT('',(-3.5,0.,3.4));
#5126=CARTESIAN_POINT('',(-3.5,0.,3.4));
#5127=CARTESIAN_POINT('',(-3.5,4.6,3.4));
#5128=CARTESIAN_POINT('',(-3.5,8.4,3.4));
#5129=CARTESIAN_POINT('',(-3.5,8.4,1.8));
#5130=CARTESIAN_POINT('',(-3.5,8.4,1.8));
#5131=CARTESIAN_POINT('',(-3.5,8.4,1.45));
#5132=CARTESIAN_POINT('',(-3.5,8.4,3.4));
#5133=CARTESIAN_POINT('',(-3.5,4.6,1.45));
#5134=CARTESIAN_POINT('',(-3.5,4.6,1.45));
#5135=CARTESIAN_POINT('',(-3.5,4.6,1.15));
#5136=CARTESIAN_POINT('',(-3.5,4.6,1.45));
#5137=CARTESIAN_POINT('',(-3.5,8.4,1.15));
#5138=CARTESIAN_POINT('',(-3.5,4.6,1.15));
#5139=CARTESIAN_POINT('',(-3.5,8.4,-1.8));
#5140=CARTESIAN_POINT('',(-3.5,8.4,3.4));
#5141=CARTESIAN_POINT('',(-3.5,4.6,-3.4));
#5142=CARTESIAN_POINT('',(-3.5,8.4,-1.8));
#5143=CARTESIAN_POINT('',(-3.5,8.4,-3.4));
#5144=CARTESIAN_POINT('Origin',(0.,0.,-0.45));
#5145=CARTESIAN_POINT('',(2.17,0.,-0.45));
#5146=CARTESIAN_POINT('',(1.33,0.,-0.45));
#5147=CARTESIAN_POINT('',(2.65,0.,-0.45));
#5148=CARTESIAN_POINT('',(2.17,0.600000000000002,-0.45));
#5149=CARTESIAN_POINT('',(2.17,0.600000000000001,-0.45));
#5150=CARTESIAN_POINT('',(1.33,0.600000000000002,-0.45));
#5151=CARTESIAN_POINT('',(0.85,0.600000000000002,-0.45));
#5152=CARTESIAN_POINT('',(1.33,0.600000000000001,-0.45));
#5153=CARTESIAN_POINT('Origin',(0.,0.,-0.45));
#5154=CARTESIAN_POINT('',(-2.17,0.,-0.45));
#5155=CARTESIAN_POINT('',(-1.33,0.,-0.45));
#5156=CARTESIAN_POINT('',(-2.65,0.,-0.45));
#5157=CARTESIAN_POINT('',(-1.33,0.600000000000001,-0.45));
#5158=CARTESIAN_POINT('',(-1.33,0.600000000000001,-0.45));
#5159=CARTESIAN_POINT('',(-2.17,0.600000000000001,-0.45));
#5160=CARTESIAN_POINT('',(-0.85,0.600000000000002,-0.45));
#5161=CARTESIAN_POINT('',(-2.17,0.600000000000001,-0.45));
#5162=CARTESIAN_POINT('Origin',(0.35,4.6,-2.85));
#5163=CARTESIAN_POINT('',(3.1,4.6,1.0309016994375));
#5164=CARTESIAN_POINT('',(3.1,4.6,1.5690983005625));
#5165=CARTESIAN_POINT('',(3.15,4.6,3.2));
#5166=CARTESIAN_POINT('',(3.15,4.6,-2.85));
#5167=CARTESIAN_POINT('',(3.35,4.6,3.4));
#5168=CARTESIAN_POINT('',(-1.27499999999998,4.6,-1.22500000000004));
#5169=CARTESIAN_POINT('',(0.149999999999998,4.6,3.4));
#5170=CARTESIAN_POINT('',(-3.5,4.6,3.4));
#5171=CARTESIAN_POINT('',(0.35,4.6,3.2));
#5172=CARTESIAN_POINT('',(3.375,4.6,0.174999999999971));
#5173=CARTESIAN_POINT('',(0.35,4.6,-1.65));
#5174=CARTESIAN_POINT('',(0.35,4.6,-2.85));
#5175=CARTESIAN_POINT('',(3.15,4.6,-1.65));
#5176=CARTESIAN_POINT('',(0.35,4.6,-1.65));
#5177=CARTESIAN_POINT('',(3.15,4.6,0.980901699437495));
#5178=CARTESIAN_POINT('',(3.15,4.6,-2.85));
#5179=CARTESIAN_POINT('Origin',(3.15,4.6,1.03090169943749));
#5180=CARTESIAN_POINT('',(0.399999999999999,4.6,-1.1));
#5181=CARTESIAN_POINT('',(0.399999999999999,4.6,-1.62362610052161));
#5182=CARTESIAN_POINT('',(0.399999999999999,4.6,-1.1));
#5183=CARTESIAN_POINT('',(0.399999999999999,4.6,-1.1));
#5184=CARTESIAN_POINT('',(3.1,4.6,-1.1));
#5185=CARTESIAN_POINT('',(0.399999999999999,4.6,-1.1));
#5186=CARTESIAN_POINT('',(3.1,4.6,-1.62362610052161));
#5187=CARTESIAN_POINT('',(3.1,4.6,-1.1));
#5188=CARTESIAN_POINT('',(0.399999999999999,4.6,-1.62362610052161));
#5189=CARTESIAN_POINT('Origin',(-3.5,8.4,3.4));
#5190=CARTESIAN_POINT('',(-3.5,4.6,3.4));
#5191=CARTESIAN_POINT('',(3.35,0.400000000000003,3.4));
#5192=CARTESIAN_POINT('',(3.35,8.4,3.4));
#5193=CARTESIAN_POINT('',(2.85,0.400000000000003,3.4));
#5194=CARTESIAN_POINT('',(-3.5,0.400000000000003,3.4));
#5195=CARTESIAN_POINT('',(2.85,0.,3.4));
#5196=CARTESIAN_POINT('',(2.85,0.,3.4));
#5197=CARTESIAN_POINT('',(-3.5,0.,3.4));
#5198=CARTESIAN_POINT('Origin',(-3.5,8.4,3.4));
#5199=CARTESIAN_POINT('',(0.649999999999997,0.399999999999999,3.4));
#5200=CARTESIAN_POINT('',(0.149999999999997,0.399999999999999,3.4));
#5201=CARTESIAN_POINT('',(-3.5,0.399999999999999,3.4));
#5202=CARTESIAN_POINT('',(0.149999999999998,8.4,3.4));
#5203=CARTESIAN_POINT('',(-0.15,4.6,3.4));
#5204=CARTESIAN_POINT('',(-3.5,4.6,3.4));
#5205=CARTESIAN_POINT('',(-0.149999999999999,0.400000000000001,3.4));
#5206=CARTESIAN_POINT('',(-0.15,8.4,3.4));
#5207=CARTESIAN_POINT('',(-0.649999999999999,0.400000000000001,3.4));
#5208=CARTESIAN_POINT('',(-3.5,0.400000000000001,3.4));
#5209=CARTESIAN_POINT('',(-0.649999999999999,0.,3.4));
#5210=CARTESIAN_POINT('',(-0.649999999999999,8.4,3.4));
#5211=CARTESIAN_POINT('',(0.649999999999997,0.,3.4));
#5212=CARTESIAN_POINT('',(-3.5,0.,3.4));
#5213=CARTESIAN_POINT('',(0.649999999999997,0.600000000000002,3.4));
#5214=CARTESIAN_POINT('Origin',(0.,0.,0.));
#5215=CARTESIAN_POINT('',(-3.172360679775,0.,-2.9138196601125));
#5216=CARTESIAN_POINT('',(-3.5,0.,-3.4));
#5217=CARTESIAN_POINT('',(3.827639320225,0.,-2.9138196601125));
#5218=CARTESIAN_POINT('',(3.9,0.,-2.33090169943749));
#5219=CARTESIAN_POINT('',(3.9,0.,-2.8690983005625));
#5220=CARTESIAN_POINT('',(3.827639320225,0.,-2.2861803398875));
#5221=CARTESIAN_POINT('Origin',(3.85,0.,-2.33090169943749));
#5222=CARTESIAN_POINT('',(3.827639320225,0.,-2.2861803398875));
#5223=CARTESIAN_POINT('',(2.65,0.,3.2));
#5224=CARTESIAN_POINT('',(-0.274999999999989,0.,0.274999999999986));
#5225=CARTESIAN_POINT('',(2.65,0.,0.4));
#5226=CARTESIAN_POINT('',(2.65,0.,-0.45));
#5227=CARTESIAN_POINT('',(2.17,0.,0.4));
#5228=CARTESIAN_POINT('',(2.65,0.,0.4));
#5229=CARTESIAN_POINT('',(2.17,0.,1.16837490849194));
#5230=CARTESIAN_POINT('',(1.33,0.,0.4));
#5231=CARTESIAN_POINT('',(1.33,0.,1.16837490849194));
#5232=CARTESIAN_POINT('',(0.850000000000001,0.,0.4));
#5233=CARTESIAN_POINT('',(0.850000000000001,0.,0.4));
#5234=CARTESIAN_POINT('',(0.85,0.,3.2));
#5235=CARTESIAN_POINT('',(0.85,0.,-0.45));
#5236=CARTESIAN_POINT('',(2.025,0.,2.02499999999999));
#5237=CARTESIAN_POINT('',(-0.85,0.,3.2));
#5238=CARTESIAN_POINT('',(-2.025,0.,2.02500000000001));
#5239=CARTESIAN_POINT('',(-0.85,0.,0.4));
#5240=CARTESIAN_POINT('',(-0.85,0.,-0.45));
#5241=CARTESIAN_POINT('',(-1.33,0.,0.4));
#5242=CARTESIAN_POINT('',(-0.85,0.,0.4));
#5243=CARTESIAN_POINT('',(-1.33,0.,1.16837490849194));
#5244=CARTESIAN_POINT('',(-2.17,0.,0.4));
#5245=CARTESIAN_POINT('',(-2.17,0.,1.16837490849194));
#5246=CARTESIAN_POINT('',(-2.65,0.,0.4));
#5247=CARTESIAN_POINT('',(-2.65,0.,0.4));
#5248=CARTESIAN_POINT('',(-2.65,0.,3.2));
#5249=CARTESIAN_POINT('',(-2.65,0.,-0.45));
#5250=CARTESIAN_POINT('',(-2.85,0.,3.4));
#5251=CARTESIAN_POINT('',(0.275000000000013,0.,0.275000000000015));
#5252=CARTESIAN_POINT('',(-3.5,0.,3.4));
#5253=CARTESIAN_POINT('',(-3.172360679775,0.,-2.2861803398875));
#5254=CARTESIAN_POINT('',(-3.172360679775,0.,-2.2861803398875));
#5255=CARTESIAN_POINT('',(-3.1,0.,-2.33090169943749));
#5256=CARTESIAN_POINT('Origin',(-3.15,0.,-2.33090169943749));
#5257=CARTESIAN_POINT('',(-3.1,0.,-2.8690983005625));
#5258=CARTESIAN_POINT('Origin',(3.15,0.600000000000002,-2.85));
#5259=CARTESIAN_POINT('',(2.65,0.600000000000002,0.4));
#5260=CARTESIAN_POINT('',(2.65,0.600000000000001,3.2));
#5261=CARTESIAN_POINT('',(2.65,0.600000000000001,-0.45));
#5262=CARTESIAN_POINT('',(3.15,0.600000000000002,3.2));
#5263=CARTESIAN_POINT('',(3.15,0.600000000000002,3.2));
#5264=CARTESIAN_POINT('',(3.15,0.600000000000002,-1.65));
#5265=CARTESIAN_POINT('',(3.15,0.600000000000002,-2.85));
#5266=CARTESIAN_POINT('',(0.35,0.600000000000002,-1.65));
#5267=CARTESIAN_POINT('',(3.15,0.600000000000002,-1.65));
#5268=CARTESIAN_POINT('',(0.35,0.600000000000002,3.2));
#5269=CARTESIAN_POINT('',(0.35,0.600000000000002,-2.85));
#5270=CARTESIAN_POINT('',(0.85,0.600000000000002,3.2));
#5271=CARTESIAN_POINT('',(3.15,0.600000000000002,3.2));
#5272=CARTESIAN_POINT('',(0.85,0.600000000000002,0.4));
#5273=CARTESIAN_POINT('',(0.85,0.600000000000002,-0.45));
#5274=CARTESIAN_POINT('',(1.33,0.600000000000001,0.4));
#5275=CARTESIAN_POINT('',(0.850000000000001,0.600000000000001,0.4));
#5276=CARTESIAN_POINT('',(1.33,0.600000000000001,1.16837490849194));
#5277=CARTESIAN_POINT('',(2.17,0.600000000000001,0.4));
#5278=CARTESIAN_POINT('',(2.17,0.600000000000001,1.16837490849194));
#5279=CARTESIAN_POINT('',(2.65,0.600000000000002,0.4));
#5280=CARTESIAN_POINT('Origin',(-1.75,4.6,-2.85));
#5281=CARTESIAN_POINT('',(-3.15,4.6,-1.65));
#5282=CARTESIAN_POINT('',(-3.15,4.6,3.2));
#5283=CARTESIAN_POINT('',(-3.15,4.6,-2.85));
#5284=CARTESIAN_POINT('',(-0.35,4.6,-1.65));
#5285=CARTESIAN_POINT('',(-0.35,4.6,-1.65));
#5286=CARTESIAN_POINT('',(-0.35,4.6,3.2));
#5287=CARTESIAN_POINT('',(-0.35,4.6,-2.85));
#5288=CARTESIAN_POINT('',(-4.07500000000001,4.6,-0.524999999999973));
#5289=CARTESIAN_POINT('',(-3.35,4.6,3.4));
#5290=CARTESIAN_POINT('',(-3.5,4.6,3.4));
#5291=CARTESIAN_POINT('',(0.575000000000005,4.6,-0.524999999999979));
#5292=CARTESIAN_POINT('',(-3.1,4.6,-1.1));
#5293=CARTESIAN_POINT('',(-3.1,4.6,-1.62362610052161));
#5294=CARTESIAN_POINT('',(-3.1,4.6,-1.1));
#5295=CARTESIAN_POINT('',(-3.1,4.6,-1.1));
#5296=CARTESIAN_POINT('',(-0.4,4.6,-1.1));
#5297=CARTESIAN_POINT('',(-3.1,4.6,-1.1));
#5298=CARTESIAN_POINT('',(-0.4,4.6,-1.62362610052161));
#5299=CARTESIAN_POINT('',(-0.4,4.6,-1.1));
#5300=CARTESIAN_POINT('',(-3.1,4.6,-1.62362610052161));
#5301=CARTESIAN_POINT('Origin',(-0.35,0.600000000000002,-2.85));
#5302=CARTESIAN_POINT('',(-0.35,0.600000000000002,-1.65));
#5303=CARTESIAN_POINT('',(-0.35,0.600000000000002,3.2));
#5304=CARTESIAN_POINT('',(-0.35,0.600000000000002,-2.85));
#5305=CARTESIAN_POINT('',(-0.35,0.600000000000002,3.2));
#5306=CARTESIAN_POINT('',(-0.35,0.600000000000002,-1.65));
#5307=CARTESIAN_POINT('',(-0.35,3.39734282708715,-1.62362610052161));
#5308=CARTESIAN_POINT('',(-0.35,3.39734282708715,2.17637389947839));
#5309=CARTESIAN_POINT('',(-0.35,3.39734282708715,2.17637389947839));
#5310=CARTESIAN_POINT('',(-0.35,4.38734282708715,-1.62362610052161));
#5311=CARTESIAN_POINT('',(-0.35,4.38734282708715,-1.62362610052161));
#5312=CARTESIAN_POINT('',(-0.35,4.38734282708715,2.17637389947839));
#5313=CARTESIAN_POINT('',(-0.35,4.38734282708715,-1.62362610052161));
#5314=CARTESIAN_POINT('',(-0.35,4.38734282708715,2.17637389947839));
#5315=CARTESIAN_POINT('Origin',(-3.15,4.6,-2.85));
#5316=CARTESIAN_POINT('',(-3.15,0.600000000000002,3.2));
#5317=CARTESIAN_POINT('',(-3.15,4.6,3.2));
#5318=CARTESIAN_POINT('',(-3.15,0.600000000000002,-1.65));
#5319=CARTESIAN_POINT('',(-3.15,0.600000000000002,-2.85));
#5320=CARTESIAN_POINT('',(-3.15,4.6,-1.65));
#5321=CARTESIAN_POINT('',(-3.15,3.39734282708715,-1.62362610052161));
#5322=CARTESIAN_POINT('',(-3.15,3.39734282708715,2.17637389947839));
#5323=CARTESIAN_POINT('',(-3.15,3.39734282708715,2.17637389947839));
#5324=CARTESIAN_POINT('',(-3.15,4.38734282708715,2.17637389947839));
#5325=CARTESIAN_POINT('',(-3.15,4.38734282708715,2.17637389947839));
#5326=CARTESIAN_POINT('',(-3.15,4.38734282708715,-1.62362610052161));
#5327=CARTESIAN_POINT('',(-3.15,4.38734282708715,-1.62362610052161));
#5328=CARTESIAN_POINT('',(-3.15,4.38734282708715,-1.62362610052161));
#5329=CARTESIAN_POINT('Origin',(-3.5,8.4,-3.4));
#5330=CARTESIAN_POINT('',(-3.5,4.6,-3.4));
#5331=CARTESIAN_POINT('Origin',(-3.5,8.4,3.4));
#5332=CARTESIAN_POINT('',(-2.85,0.400000000000001,3.4));
#5333=CARTESIAN_POINT('',(-3.35,0.400000000000001,3.4));
#5334=CARTESIAN_POINT('',(-3.5,0.400000000000001,3.4));
#5335=CARTESIAN_POINT('',(-3.35,8.4,3.4));
#5336=CARTESIAN_POINT('',(-3.5,4.6,3.4));
#5337=CARTESIAN_POINT('',(-2.85,8.4,3.4));
#5338=CARTESIAN_POINT('Origin',(0.,8.4,0.));
#5339=CARTESIAN_POINT('',(3.172360679775,8.4,1.6138196601125));
#5340=CARTESIAN_POINT('',(3.1,8.4,1.0309016994375));
#5341=CARTESIAN_POINT('',(3.1,8.4,1.5690983005625));
#5342=CARTESIAN_POINT('',(3.172360679775,8.4,0.986180339887499));
#5343=CARTESIAN_POINT('Origin',(3.15,8.4,1.03090169943749));
#5344=CARTESIAN_POINT('',(3.172360679775,8.4,0.986180339887499));
#5345=CARTESIAN_POINT('',(-3.5,8.4,-1.8));
#5346=CARTESIAN_POINT('',(-3.827639320225,8.4,0.986180339887499));
#5347=CARTESIAN_POINT('',(-3.827639320225,8.4,0.986180339887499));
#5348=CARTESIAN_POINT('',(-3.9,8.4,1.0309016994375));
#5349=CARTESIAN_POINT('Origin',(-3.85,8.4,1.03090169943749));
#5350=CARTESIAN_POINT('',(-3.9,8.4,1.5690983005625));
#5351=CARTESIAN_POINT('',(-3.827639320225,8.4,1.6138196601125));
#5352=CARTESIAN_POINT('',(-3.5,8.4,1.8));
#5353=CARTESIAN_POINT('Origin',(-3.5,8.4,1.8));
#5354=CARTESIAN_POINT('Origin',(-3.5,8.4,-1.8));
#5355=CARTESIAN_POINT('Origin',(1.75,4.9,0.));
#5356=CARTESIAN_POINT('Origin',(-1.75,4.9,0.));
#5357=CARTESIAN_POINT('Origin',(0.35,0.600000000000002,-2.85));
#5358=CARTESIAN_POINT('',(0.35,0.600000000000002,3.2));
#5359=CARTESIAN_POINT('',(0.35,0.600000000000002,-1.65));
#5360=CARTESIAN_POINT('',(0.35,4.38734282708715,-1.62362610052161));
#5361=CARTESIAN_POINT('',(0.35,3.39734282708715,-1.62362610052161));
#5362=CARTESIAN_POINT('',(0.35,4.38734282708715,-1.62362610052161));
#5363=CARTESIAN_POINT('',(0.35,3.39734282708715,2.17637389947839));
#5364=CARTESIAN_POINT('',(0.35,3.39734282708715,2.17637389947839));
#5365=CARTESIAN_POINT('',(0.35,4.38734282708715,2.17637389947839));
#5366=CARTESIAN_POINT('',(0.35,4.38734282708715,2.17637389947839));
#5367=CARTESIAN_POINT('',(0.35,4.38734282708715,-1.62362610052161));
#5368=CARTESIAN_POINT('Origin',(3.15,4.6,-2.85));
#5369=CARTESIAN_POINT('',(3.15,4.6,3.2));
#5370=CARTESIAN_POINT('',(3.15,4.6,-2.85));
#5371=CARTESIAN_POINT('',(3.15,4.6,-1.65));
#5372=CARTESIAN_POINT('',(3.15,3.39734282708715,2.17637389947839));
#5373=CARTESIAN_POINT('',(3.15,4.38734282708715,2.17637389947839));
#5374=CARTESIAN_POINT('',(3.15,4.38734282708715,2.17637389947839));
#5375=CARTESIAN_POINT('',(3.15,3.39734282708715,-1.62362610052161));
#5376=CARTESIAN_POINT('',(3.15,3.39734282708715,2.17637389947839));
#5377=CARTESIAN_POINT('',(3.15,4.38734282708715,-1.62362610052161));
#5378=CARTESIAN_POINT('',(3.15,4.38734282708715,-1.62362610052161));
#5379=CARTESIAN_POINT('',(3.15,4.38734282708715,-1.62362610052161));
#5380=CARTESIAN_POINT('Origin',(-3.15,0.600000000000002,-2.85));
#5381=CARTESIAN_POINT('',(-2.65,0.600000000000001,3.2));
#5382=CARTESIAN_POINT('',(-3.15,0.600000000000002,3.2));
#5383=CARTESIAN_POINT('',(-2.65,0.600000000000001,0.4));
#5384=CARTESIAN_POINT('',(-2.65,0.600000000000001,-0.45));
#5385=CARTESIAN_POINT('',(-2.17,0.600000000000001,0.4));
#5386=CARTESIAN_POINT('',(-2.65,0.600000000000001,0.4));
#5387=CARTESIAN_POINT('',(-2.17,0.600000000000001,1.16837490849194));
#5388=CARTESIAN_POINT('',(-1.33,0.600000000000001,0.4));
#5389=CARTESIAN_POINT('',(-1.33,0.600000000000001,1.16837490849194));
#5390=CARTESIAN_POINT('',(-0.85,0.600000000000002,0.4));
#5391=CARTESIAN_POINT('',(-0.85,0.600000000000002,0.4));
#5392=CARTESIAN_POINT('',(-0.85,0.600000000000002,3.2));
#5393=CARTESIAN_POINT('',(-0.85,0.600000000000002,-0.45));
#5394=CARTESIAN_POINT('',(-3.15,0.600000000000002,3.2));
#5395=CARTESIAN_POINT('',(-3.15,0.600000000000002,-1.65));
#5396=CARTESIAN_POINT('Origin',(-3.15,3.39734282708715,2.17637389947839));
#5397=CARTESIAN_POINT('',(-3.15,3.39734282708715,2.17637389947839));
#5398=CARTESIAN_POINT('',(-3.15,3.39734282708715,-1.62362610052161));
#5399=CARTESIAN_POINT('Origin',(-3.15,4.38734282708715,2.17637389947839));
#5400=CARTESIAN_POINT('',(-3.15,4.38734282708715,2.17637389947839));
#5401=CARTESIAN_POINT('Origin',(-3.15,4.38734282708715,-1.62362610052161));
#5402=CARTESIAN_POINT('',(-3.15,4.38734282708715,-1.62362610052161));
#5403=CARTESIAN_POINT('Origin',(-3.15,4.38734282708715,-1.62362610052161));
#5404=CARTESIAN_POINT('Origin',(-3.1,2.9049820689268,2.33562014748141));
#5405=CARTESIAN_POINT('',(-2.41018551202203,2.34133101003856,-1.67496553092196));
#5406=CARTESIAN_POINT('',(-2.41018551202203,2.9049820689268,2.33562014748141));
#5407=CARTESIAN_POINT('',(-2.41018551202203,2.9049820689268,2.33562014748141));
#5408=CARTESIAN_POINT('',(-1.08981448797797,2.34133101003856,-1.67496553092196));
#5409=CARTESIAN_POINT('',(-3.1,2.34133101003856,-1.67496553092196));
#5410=CARTESIAN_POINT('',(-1.08981448797797,2.9049820689268,2.33562014748141));
#5411=CARTESIAN_POINT('',(-1.08981448797797,2.9049820689268,2.33562014748141));
#5412=CARTESIAN_POINT('',(-3.1,2.9049820689268,2.33562014748141));
#5413=CARTESIAN_POINT('Origin',(-3.1,3.15254908611219,2.30082687224139));
#5414=CARTESIAN_POINT('',(-1.08981448797797,3.18734236135221,2.54839388942679));
#5415=CARTESIAN_POINT('Origin',(-1.08981448797797,3.15254908611219,2.30082687224139));
#5416=CARTESIAN_POINT('',(-2.41018551202203,3.18734236135221,2.54839388942679));
#5417=CARTESIAN_POINT('',(-3.1,3.18734236135221,2.54839388942679));
#5418=CARTESIAN_POINT('Origin',(-2.41018551202203,3.15254908611219,2.30082687224139));
#5419=CARTESIAN_POINT('Origin',(-3.1,4.38213610232717,2.38047657977297));
#5420=CARTESIAN_POINT('',(-0.400000000000001,4.38213610232717,2.38047657977297));
#5421=CARTESIAN_POINT('',(-1.06514665404543,3.23006830303604,2.54238914991909));
#5422=CARTESIAN_POINT('',(-3.1,4.38213610232717,2.38047657977297));
#5423=CARTESIAN_POINT('',(-3.1,4.38213610232717,2.38047657977297));
#5424=CARTESIAN_POINT('',(-3.1,4.38213610232717,2.38047657977297));
#5425=CARTESIAN_POINT('Origin',(-3.1,4.34734282708715,2.13290956258758));
#5426=CARTESIAN_POINT('',(-0.4,4.59734282708715,2.13290956258758));
#5427=CARTESIAN_POINT('Origin',(-0.4,4.34734282708715,2.13290956258758));
#5428=CARTESIAN_POINT('',(-3.1,4.59734282708715,2.13290956258758));
#5429=CARTESIAN_POINT('',(-3.1,4.59734282708715,2.13290956258758));
#5430=CARTESIAN_POINT('Origin',(-3.1,4.34734282708715,2.13290956258758));
#5431=CARTESIAN_POINT('Origin',(-3.1,4.59734282708715,-0.9));
#5432=CARTESIAN_POINT('',(-3.1,4.59734282708715,-0.9));
#5433=CARTESIAN_POINT('',(-3.1,4.59734282708715,-0.9));
#5434=CARTESIAN_POINT('',(-3.1,4.59734282708715,-0.9));
#5435=CARTESIAN_POINT('',(-0.4,4.59734282708715,-0.9));
#5436=CARTESIAN_POINT('',(-0.4,4.59734282708715,-0.9));
#5437=CARTESIAN_POINT('',(-3.1,4.59734282708715,-0.9));
#5438=CARTESIAN_POINT('Origin',(-3.1,4.6,-1.1));
#5439=CARTESIAN_POINT('',(-0.4,4.6,-1.1));
#5440=CARTESIAN_POINT('',(-3.1,4.6,-1.1));
#5441=CARTESIAN_POINT('Origin',(-3.1,4.6,-1.62362610052161));
#5442=CARTESIAN_POINT('',(-0.4,4.39734282708715,-1.62362610052161));
#5443=CARTESIAN_POINT('',(-0.4,4.6,-1.62362610052161));
#5444=CARTESIAN_POINT('',(-3.1,4.39734282708715,-1.62362610052161));
#5445=CARTESIAN_POINT('',(-3.1,4.39734282708715,-1.62362610052161));
#5446=CARTESIAN_POINT('',(-3.1,4.6,-1.62362610052161));
#5447=CARTESIAN_POINT('Origin',(-3.1,4.39734282708715,-1.62362610052161));
#5448=CARTESIAN_POINT('',(-0.4,4.39734282708715,2.17637389947839));
#5449=CARTESIAN_POINT('',(-0.4,4.39734282708715,-1.62362610052161));
#5450=CARTESIAN_POINT('',(-3.1,4.39734282708715,2.17637389947839));
#5451=CARTESIAN_POINT('',(-3.1,4.39734282708715,2.17637389947839));
#5452=CARTESIAN_POINT('',(-3.1,4.39734282708715,-1.62362610052161));
#5453=CARTESIAN_POINT('Origin',(-3.1,4.39734282708715,2.17637389947839));
#5454=CARTESIAN_POINT('',(-0.4,4.38213610232717,2.17851106526925));
#5455=CARTESIAN_POINT('',(-0.4,4.39734282708715,2.17637389947839));
#5456=CARTESIAN_POINT('',(-1.08981448797797,3.18734236135221,2.34642837492306));
#5457=CARTESIAN_POINT('',(-1.05852990888443,3.24152884183562,2.33881296172634));
#5458=CARTESIAN_POINT('',(-1.08981448797797,3.10999433772311,2.35729893072647));
#5459=CARTESIAN_POINT('',(-1.08981448797797,4.39734282708715,2.17637389947839));
#5460=CARTESIAN_POINT('',(-2.41018551202203,3.10999433772311,2.35729893072647));
#5461=CARTESIAN_POINT('',(-3.1,3.10999433772311,2.35729893072647));
#5462=CARTESIAN_POINT('',(-2.41018551202203,3.18734236135221,2.34642837492306));
#5463=CARTESIAN_POINT('',(-2.41018551202203,4.39734282708715,2.17637389947839));
#5464=CARTESIAN_POINT('',(-3.1,4.38213610232717,2.17851106526925));
#5465=CARTESIAN_POINT('',(-3.106616745161,4.39359664112675,2.17690039158022));
#5466=CARTESIAN_POINT('',(-3.1,4.39734282708715,2.17637389947839));
#5467=CARTESIAN_POINT('Origin',(-3.1,3.10999433772311,2.35729893072647));
#5468=CARTESIAN_POINT('',(-2.41018551202203,2.53938462378687,-1.70280015111397));
#5469=CARTESIAN_POINT('',(-1.08981448797797,2.53938462378687,-1.70280015111397));
#5470=CARTESIAN_POINT('',(-3.1,2.53938462378687,-1.70280015111397));
#5471=CARTESIAN_POINT('',(-2.41018551202203,3.10999433772311,2.35729893072647));
#5472=CARTESIAN_POINT('',(-1.08981448797797,3.10999433772311,2.35729893072647));
#5473=CARTESIAN_POINT('Origin',(-3.1,2.53938462378687,-1.70280015111397));
#5474=CARTESIAN_POINT('',(-2.41018551202203,2.53938462378687,-1.70280015111397));
#5475=CARTESIAN_POINT('',(-1.08981448797797,2.53938462378687,-1.70280015111397));
#5476=CARTESIAN_POINT('Origin',(-3.1,3.15254908611219,2.30082687224139));
#5477=CARTESIAN_POINT('',(-3.1,4.38213610232717,2.30082687224139));
#5478=CARTESIAN_POINT('Origin',(-0.4,3.15254908611219,2.30082687224139));
#5479=CARTESIAN_POINT('',(-0.4,4.38213610232717,2.30082687224139));
#5480=CARTESIAN_POINT('Origin',(3.15,3.39734282708715,2.17637389947839));
#5481=CARTESIAN_POINT('',(3.15,3.39734282708715,-1.62362610052161));
#5482=CARTESIAN_POINT('',(3.15,3.39734282708715,2.17637389947839));
#5483=CARTESIAN_POINT('Origin',(3.15,4.38734282708715,-1.62362610052161));
#5484=CARTESIAN_POINT('',(3.15,4.38734282708715,-1.62362610052161));
#5485=CARTESIAN_POINT('Origin',(3.15,4.38734282708715,-1.62362610052161));
#5486=CARTESIAN_POINT('',(3.15,4.38734282708715,2.17637389947839));
#5487=CARTESIAN_POINT('Origin',(3.15,4.38734282708715,2.17637389947839));
#5488=CARTESIAN_POINT('Origin',(-0.85,0.,-0.45));
#5489=CARTESIAN_POINT('',(-0.85,0.,3.2));
#5490=CARTESIAN_POINT('',(-0.85,0.600000000000002,0.4));
#5491=CARTESIAN_POINT('Origin',(-2.65,0.600000000000001,-0.45));
#5492=CARTESIAN_POINT('',(-2.65,0.600000000000001,3.2));
#5493=CARTESIAN_POINT('',(-2.65,0.600000000000001,0.4));
#5494=CARTESIAN_POINT('Origin',(2.65,0.600000000000001,-0.45));
#5495=CARTESIAN_POINT('',(2.65,0.600000000000001,3.2));
#5496=CARTESIAN_POINT('',(2.65,0.600000000000002,0.4));
#5497=CARTESIAN_POINT('Origin',(0.85,0.,-0.45));
#5498=CARTESIAN_POINT('',(0.85,0.,3.2));
#5499=CARTESIAN_POINT('',(0.850000000000001,0.600000000000001,0.4));
#5500=CARTESIAN_POINT('Origin',(-0.400000000000001,4.38213610232717,-1.39128783038208));
#5501=CARTESIAN_POINT('',(-1.08981448797797,3.18734236135221,-1.39128783038208));
#5502=CARTESIAN_POINT('Origin',(-1.08981448797797,3.18734236135221,-1.39128783038208));
#5503=CARTESIAN_POINT('Origin',(-2.41018551202203,3.18734236135221,-1.39128783038208));
#5504=CARTESIAN_POINT('',(-2.41018551202203,3.18734236135221,-1.39128783038208));
#5505=CARTESIAN_POINT('Origin',(-3.1,4.38213610232717,-1.39128783038208));
#5506=CARTESIAN_POINT('Origin',(0.399999999999999,2.9049820689268,2.33562014748141));
#5507=CARTESIAN_POINT('',(1.08981448797797,2.34133101003856,-1.67496553092196));
#5508=CARTESIAN_POINT('',(1.08981448797797,2.9049820689268,2.33562014748141));
#5509=CARTESIAN_POINT('',(1.08981448797797,2.9049820689268,2.33562014748141));
#5510=CARTESIAN_POINT('',(2.41018551202203,2.34133101003856,-1.67496553092196));
#5511=CARTESIAN_POINT('',(0.399999999999999,2.34133101003856,-1.67496553092196));
#5512=CARTESIAN_POINT('',(2.41018551202203,2.9049820689268,2.33562014748141));
#5513=CARTESIAN_POINT('',(2.41018551202203,2.9049820689268,2.33562014748141));
#5514=CARTESIAN_POINT('',(0.399999999999999,2.9049820689268,2.33562014748141));
#5515=CARTESIAN_POINT('Origin',(0.399999999999999,3.15254908611219,2.30082687224139));
#5516=CARTESIAN_POINT('',(2.41018551202203,3.18734236135221,2.54839388942679));
#5517=CARTESIAN_POINT('Origin',(2.41018551202203,3.15254908611219,2.30082687224139));
#5518=CARTESIAN_POINT('',(1.08981448797797,3.18734236135221,2.54839388942679));
#5519=CARTESIAN_POINT('',(0.399999999999999,3.18734236135221,2.54839388942679));
#5520=CARTESIAN_POINT('Origin',(1.08981448797797,3.15254908611219,2.30082687224139));
#5521=CARTESIAN_POINT('Origin',(0.399999999999999,4.38213610232717,2.38047657977297));
#5522=CARTESIAN_POINT('',(3.1,4.38213610232717,2.38047657977297));
#5523=CARTESIAN_POINT('',(2.43485334595457,3.23006830303604,2.54238914991909));
#5524=CARTESIAN_POINT('',(0.399999999999999,4.38213610232717,2.38047657977297));
#5525=CARTESIAN_POINT('',(0.399999999999999,4.38213610232717,2.38047657977297));
#5526=CARTESIAN_POINT('',(0.399999999999999,4.38213610232717,2.38047657977297));
#5527=CARTESIAN_POINT('Origin',(0.399999999999999,4.34734282708715,2.13290956258758));
#5528=CARTESIAN_POINT('',(3.1,4.59734282708715,2.13290956258758));
#5529=CARTESIAN_POINT('Origin',(3.1,4.34734282708715,2.13290956258758));
#5530=CARTESIAN_POINT('',(0.399999999999999,4.59734282708715,2.13290956258758));
#5531=CARTESIAN_POINT('',(0.399999999999999,4.59734282708715,2.13290956258758));
#5532=CARTESIAN_POINT('Origin',(0.399999999999999,4.34734282708715,2.13290956258758));
#5533=CARTESIAN_POINT('Origin',(0.399999999999999,4.59734282708715,-0.9));
#5534=CARTESIAN_POINT('',(0.399999999999999,4.59734282708715,-0.9));
#5535=CARTESIAN_POINT('',(0.399999999999999,4.59734282708715,-0.9));
#5536=CARTESIAN_POINT('',(0.399999999999999,4.59734282708715,-0.9));
#5537=CARTESIAN_POINT('',(3.1,4.59734282708715,-0.9));
#5538=CARTESIAN_POINT('',(3.1,4.59734282708715,-0.9));
#5539=CARTESIAN_POINT('',(0.399999999999999,4.59734282708715,-0.9));
#5540=CARTESIAN_POINT('Origin',(0.399999999999999,4.6,-1.1));
#5541=CARTESIAN_POINT('',(3.1,4.6,-1.1));
#5542=CARTESIAN_POINT('',(0.399999999999999,4.6,-1.1));
#5543=CARTESIAN_POINT('Origin',(0.399999999999999,4.6,-1.62362610052161));
#5544=CARTESIAN_POINT('',(3.1,4.39734282708715,-1.62362610052161));
#5545=CARTESIAN_POINT('',(3.1,4.6,-1.62362610052161));
#5546=CARTESIAN_POINT('',(0.399999999999999,4.39734282708715,-1.62362610052161));
#5547=CARTESIAN_POINT('',(0.399999999999999,4.39734282708715,-1.62362610052161));
#5548=CARTESIAN_POINT('',(0.399999999999999,4.6,-1.62362610052161));
#5549=CARTESIAN_POINT('Origin',(0.399999999999999,4.39734282708715,-1.62362610052161));
#5550=CARTESIAN_POINT('',(3.1,4.39734282708715,2.17637389947839));
#5551=CARTESIAN_POINT('',(3.1,4.39734282708715,-1.62362610052161));
#5552=CARTESIAN_POINT('',(0.399999999999999,4.39734282708715,2.17637389947839));
#5553=CARTESIAN_POINT('',(0.399999999999999,4.39734282708715,2.17637389947839));
#5554=CARTESIAN_POINT('',(0.399999999999999,4.39734282708715,-1.62362610052161));
#5555=CARTESIAN_POINT('Origin',(0.399999999999999,4.39734282708715,2.17637389947839));
#5556=CARTESIAN_POINT('',(3.1,4.38213610232717,2.17851106526925));
#5557=CARTESIAN_POINT('',(3.1,4.39734282708715,2.17637389947839));
#5558=CARTESIAN_POINT('',(2.41018551202203,3.18734236135221,2.34642837492306));
#5559=CARTESIAN_POINT('',(2.44147009111557,3.24152884183562,2.33881296172634));
#5560=CARTESIAN_POINT('',(2.41018551202203,3.10999433772311,2.35729893072647));
#5561=CARTESIAN_POINT('',(2.41018551202203,4.39734282708715,2.17637389947839));
#5562=CARTESIAN_POINT('',(1.08981448797797,3.10999433772311,2.35729893072647));
#5563=CARTESIAN_POINT('',(0.399999999999999,3.10999433772311,2.35729893072647));
#5564=CARTESIAN_POINT('',(1.08981448797797,3.18734236135221,2.34642837492306));
#5565=CARTESIAN_POINT('',(1.08981448797797,4.39734282708715,2.17637389947839));
#5566=CARTESIAN_POINT('',(0.4,4.38213610232717,2.17851106526925));
#5567=CARTESIAN_POINT('',(0.393383254839003,4.39359664112675,2.17690039158022));
#5568=CARTESIAN_POINT('',(0.399999999999999,4.39734282708715,2.17637389947839));
#5569=CARTESIAN_POINT('Origin',(0.399999999999999,3.10999433772311,2.35729893072647));
#5570=CARTESIAN_POINT('',(1.08981448797797,2.53938462378687,-1.70280015111397));
#5571=CARTESIAN_POINT('',(2.41018551202203,2.53938462378687,-1.70280015111397));
#5572=CARTESIAN_POINT('',(0.399999999999999,2.53938462378687,-1.70280015111397));
#5573=CARTESIAN_POINT('',(1.08981448797797,3.10999433772311,2.35729893072647));
#5574=CARTESIAN_POINT('',(2.41018551202203,3.10999433772311,2.35729893072647));
#5575=CARTESIAN_POINT('Origin',(0.399999999999999,2.53938462378687,-1.70280015111397));
#5576=CARTESIAN_POINT('',(1.08981448797797,2.53938462378687,-1.70280015111397));
#5577=CARTESIAN_POINT('',(2.41018551202203,2.53938462378687,-1.70280015111397));
#5578=CARTESIAN_POINT('Origin',(0.399999999999999,3.15254908611219,2.30082687224139));
#5579=CARTESIAN_POINT('',(0.399999999999999,4.38213610232717,2.30082687224139));
#5580=CARTESIAN_POINT('Origin',(3.1,3.15254908611219,2.30082687224139));
#5581=CARTESIAN_POINT('',(3.1,4.38213610232717,2.30082687224139));
#5582=CARTESIAN_POINT('Origin',(3.1,4.38213610232717,-1.39128783038208));
#5583=CARTESIAN_POINT('',(2.41018551202203,3.18734236135221,-1.39128783038208));
#5584=CARTESIAN_POINT('Origin',(2.41018551202203,3.18734236135221,-1.39128783038208));
#5585=CARTESIAN_POINT('Origin',(1.08981448797797,3.18734236135221,-1.39128783038208));
#5586=CARTESIAN_POINT('',(1.08981448797797,3.18734236135221,-1.39128783038208));
#5587=CARTESIAN_POINT('Origin',(0.4,4.38213610232717,-1.39128783038208));
#5588=CARTESIAN_POINT('Origin',(0.,0.,-1.65));
#5589=CARTESIAN_POINT('Origin',(0.,0.,-2.85));
#5590=CARTESIAN_POINT('Origin',(0.,0.,-1.65));
#5591=CARTESIAN_POINT('Origin',(0.,0.,-2.85));
#5592=CARTESIAN_POINT('Origin',(-2.17,0.600000000000001,1.16837490849194));
#5593=CARTESIAN_POINT('',(-2.17,0.600000000000001,0.4));
#5594=CARTESIAN_POINT('Origin',(-2.15,1.74137084989848,0.4));
#5595=CARTESIAN_POINT('Origin',(-1.33,0.600000000000001,1.16837490849194));
#5596=CARTESIAN_POINT('',(-1.33,0.600000000000001,0.4));
#5597=CARTESIAN_POINT('Origin',(-2.15,1.74137084989848,0.4));
#5598=CARTESIAN_POINT('Origin',(1.33,0.600000000000001,1.16837490849194));
#5599=CARTESIAN_POINT('',(1.33,0.600000000000001,0.4));
#5600=CARTESIAN_POINT('Origin',(-2.15,1.74137084989848,0.4));
#5601=CARTESIAN_POINT('Origin',(2.17,0.600000000000001,1.16837490849194));
#5602=CARTESIAN_POINT('',(2.17,0.600000000000001,0.4));
#5603=CARTESIAN_POINT('Origin',(-2.15,1.74137084989848,0.4));
#5604=CARTESIAN_POINT('Origin',(2.85,8.4,3.4));
#5605=CARTESIAN_POINT('',(0.183333333333347,3.06666666666665,0.733333333333326));
#5606=CARTESIAN_POINT('Origin',(3.15,0.600000000000002,3.2));
#5607=CARTESIAN_POINT('',(1.81666666666668,1.93333333333333,1.86666666666666));
#5608=CARTESIAN_POINT('Origin',(3.15,4.6,3.2));
#5609=CARTESIAN_POINT('Origin',(0.649999999999997,8.4,3.4));
#5610=CARTESIAN_POINT('',(3.31666666666665,3.06666666666665,0.73333333333333));
#5611=CARTESIAN_POINT('Origin',(3.15,0.600000000000002,3.2));
#5612=CARTESIAN_POINT('',(0.35,0.600000000000002,3.2));
#5613=CARTESIAN_POINT('Origin',(0.35,0.600000000000002,3.2));
#5614=CARTESIAN_POINT('Origin',(-2.65,0.600000000000001,3.2));
#5615=CARTESIAN_POINT('',(-2.65,0.600000000000001,3.2));
#5616=CARTESIAN_POINT('Origin',(-3.15,0.600000000000002,3.2));
#5617=CARTESIAN_POINT('',(-1.81666666666666,1.93333333333334,1.86666666666667));
#5618=CARTESIAN_POINT('Origin',(-3.15,4.6,3.2));
#5619=CARTESIAN_POINT('Origin',(-0.85,0.,3.2));
#5620=CARTESIAN_POINT('',(-0.649999999999998,0.4,3.4));
#5621=CARTESIAN_POINT('Origin',(-3.15,0.600000000000002,3.2));
#5622=CARTESIAN_POINT('',(-0.35,0.600000000000002,3.2));
#5623=CARTESIAN_POINT('Origin',(-0.35,0.600000000000002,3.2));
#5624=CARTESIAN_POINT('Origin',(-3.85,4.6,1.03090169943749));
#5625=CARTESIAN_POINT('',(-3.827639320225,4.6,0.986180339887499));
#5626=CARTESIAN_POINT('',(-3.827639320225,4.6,0.986180339887499));
#5627=CARTESIAN_POINT('',(-3.9,4.6,1.0309016994375));
#5628=CARTESIAN_POINT('Origin',(-3.85,4.6,1.03090169943749));
#5629=CARTESIAN_POINT('',(-3.9,4.6,1.0309016994375));
#5630=CARTESIAN_POINT('Origin',(-3.827639320225,4.6,0.986180339887499));
#5631=CARTESIAN_POINT('',(-3.827639320225,4.6,0.986180339887499));
#5632=CARTESIAN_POINT('Origin',(-3.827639320225,4.6,1.6138196601125));
#5633=CARTESIAN_POINT('',(-3.827639320225,4.6,1.6138196601125));
#5634=CARTESIAN_POINT('Origin',(-3.9,4.6,1.5690983005625));
#5635=CARTESIAN_POINT('',(-3.9,4.6,1.5690983005625));
#5636=CARTESIAN_POINT('Origin',(-3.85,4.6,1.03090169943749));
#5637=CARTESIAN_POINT('Origin',(-3.85,4.6,1.03090169943749));
#5638=CARTESIAN_POINT('',(3.172360679775,4.6,1.6138196601125));
#5639=CARTESIAN_POINT('',(3.172360679775,4.6,0.986180339887499));
#5640=CARTESIAN_POINT('',(3.172360679775,4.6,0.986180339887499));
#5641=CARTESIAN_POINT('Origin',(3.15,4.6,1.03090169943749));
#5642=CARTESIAN_POINT('Origin',(3.1,3.84681018216686,1.5690983005625));
#5643=CARTESIAN_POINT('',(3.1,3.84681018216686,1.0309016994375));
#5644=CARTESIAN_POINT('Origin',(3.172360679775,3.84681018216686,1.6138196601125));
#5645=CARTESIAN_POINT('Origin',(3.172360679775,3.84681018216686,0.986180339887499));
#5646=CARTESIAN_POINT('',(3.172360679775,3.84681018216686,0.986180339887499));
#5647=CARTESIAN_POINT('Origin',(3.15,3.84681018216686,1.03090169943749));
#5648=CARTESIAN_POINT('Origin',(3.827639320225,4.6,-2.2861803398875));
#5649=CARTESIAN_POINT('',(3.827639320225,4.6,-2.2861803398875));
#5650=CARTESIAN_POINT('',(3.827639320225,4.6,-2.2861803398875));
#5651=CARTESIAN_POINT('',(3.827639320225,4.6,-2.2861803398875));
#5652=CARTESIAN_POINT('Origin',(3.85,4.6,-2.33090169943749));
#5653=CARTESIAN_POINT('',(3.9,4.6,-2.33090169943749));
#5654=CARTESIAN_POINT('',(3.9,4.6,-2.33090169943749));
#5655=CARTESIAN_POINT('Origin',(3.85,4.6,-2.33090169943749));
#5656=CARTESIAN_POINT('Origin',(3.9,4.6,-2.8690983005625));
#5657=CARTESIAN_POINT('',(3.9,4.6,-2.8690983005625));
#5658=CARTESIAN_POINT('Origin',(3.827639320225,4.6,-2.9138196601125));
#5659=CARTESIAN_POINT('',(3.827639320225,4.6,-2.9138196601125));
#5660=CARTESIAN_POINT('Origin',(3.85,4.6,-2.8690983005625));
#5661=CARTESIAN_POINT('Origin',(3.85,4.6,-2.8690983005625));
#5662=CARTESIAN_POINT('',(-3.172360679775,4.6,-2.2861803398875));
#5663=CARTESIAN_POINT('',(-3.172360679775,4.6,-2.2861803398875));
#5664=CARTESIAN_POINT('',(-3.172360679775,4.6,-2.9138196601125));
#5665=CARTESIAN_POINT('',(-3.1,4.6,-2.33090169943749));
#5666=CARTESIAN_POINT('',(-3.1,4.6,-2.8690983005625));
#5667=CARTESIAN_POINT('Origin',(-3.15,4.6,-2.33090169943749));
#5668=CARTESIAN_POINT('Origin',(-3.172360679775,5.35318981783314,-2.9138196601125));
#5669=CARTESIAN_POINT('Origin',(-3.1,5.35318981783314,-2.8690983005625));
#5670=CARTESIAN_POINT('',(-3.1,5.35318981783314,-2.33090169943749));
#5671=CARTESIAN_POINT('Origin',(-3.15,5.35318981783314,-2.33090169943749));
#5672=CARTESIAN_POINT('',(-3.172360679775,5.35318981783314,-2.2861803398875));
#5673=CARTESIAN_POINT('Origin',(-3.172360679775,5.35318981783314,-2.2861803398875));
#5674=UNCERTAINTY_MEASURE_WITH_UNIT(LENGTH_MEASURE(0.01),#5678,
'DISTANCE_ACCURACY_VALUE',
'Maximum model space distance between geometric entities at asserted c
onnectivities');
#5675=UNCERTAINTY_MEASURE_WITH_UNIT(LENGTH_MEASURE(0.01),#5678,
'DISTANCE_ACCURACY_VALUE',
'Maximum model space distance between geometric entities at asserted c
onnectivities');
#5676=(
GEOMETRIC_REPRESENTATION_CONTEXT(3)
GLOBAL_UNCERTAINTY_ASSIGNED_CONTEXT((#5674))
GLOBAL_UNIT_ASSIGNED_CONTEXT((#5678,#5680,#5681))
REPRESENTATION_CONTEXT('','3D')
);
#5677=(
GEOMETRIC_REPRESENTATION_CONTEXT(3)
GLOBAL_UNCERTAINTY_ASSIGNED_CONTEXT((#5675))
GLOBAL_UNIT_ASSIGNED_CONTEXT((#5678,#5680,#5681))
REPRESENTATION_CONTEXT('','3D')
);
#5678=(
LENGTH_UNIT()
NAMED_UNIT(*)
SI_UNIT(.MILLI.,.METRE.)
);
#5679=(
LENGTH_UNIT()
NAMED_UNIT(*)
SI_UNIT($,.METRE.)
);
#5680=(
NAMED_UNIT(*)
PLANE_ANGLE_UNIT()
SI_UNIT($,.RADIAN.)
);
#5681=(
NAMED_UNIT(*)
SI_UNIT($,.STERADIAN.)
SOLID_ANGLE_UNIT()
);
#5682=SHAPE_DEFINITION_REPRESENTATION(#5683,#5684);
#5683=PRODUCT_DEFINITION_SHAPE('',$,#5686);
#5684=SHAPE_REPRESENTATION('',(#3438),#5676);
#5685=PRODUCT_DEFINITION_CONTEXT('part definition',#5690,'design');
#5686=PRODUCT_DEFINITION(
'2445P Screw Terminal Block- 2 Pin, 3.5mm Pitch',
'2445P Screw Terminal Block- 2 Pin, 3.5mm Pitch, Side Entry v1',#5687,#5685);
#5687=PRODUCT_DEFINITION_FORMATION('',$,#5692);
#5688=PRODUCT_RELATED_PRODUCT_CATEGORY(
'2445P Screw Terminal Block- 2 Pin, 3.5mm Pitch, Side Entry v1',
'2445P Screw Terminal Block- 2 Pin, 3.5mm Pitch, Side Entry v1',(#5692));
#5689=APPLICATION_PROTOCOL_DEFINITION('international standard',
'automotive_design',2009,#5690);
#5690=APPLICATION_CONTEXT(
'Core Data for Automotive Mechanical Design Process');
#5691=PRODUCT_CONTEXT('part definition',#5690,'mechanical');
#5692=PRODUCT('2445P Screw Terminal Block- 2 Pin, 3.5mm Pitch',
'2445P Screw Terminal Block- 2 Pin, 3.5mm Pitch, Side Entry v1',
'STEP AP214',(#5691));
#5693=PRESENTATION_STYLE_ASSIGNMENT((#5696));
#5694=PRESENTATION_STYLE_ASSIGNMENT((#5697));
#5695=PRESENTATION_STYLE_ASSIGNMENT((#5698));
#5696=SURFACE_STYLE_USAGE(.BOTH.,#5699);
#5697=SURFACE_STYLE_USAGE(.BOTH.,#5700);
#5698=SURFACE_STYLE_USAGE(.BOTH.,#5701);
#5699=SURFACE_SIDE_STYLE('',(#5702));
#5700=SURFACE_SIDE_STYLE('',(#5703));
#5701=SURFACE_SIDE_STYLE('',(#5704));
#5702=SURFACE_STYLE_FILL_AREA(#5705);
#5703=SURFACE_STYLE_FILL_AREA(#5706);
#5704=SURFACE_STYLE_FILL_AREA(#5707);
#5705=FILL_AREA_STYLE('Steel - Satin',(#5708));
#5706=FILL_AREA_STYLE('Opaque(161,163,145)',(#5709));
#5707=FILL_AREA_STYLE(
'EPX 150 - Air Baked (with Carbon M2 M3 L1 3D Printers)',(#5710));
#5708=FILL_AREA_STYLE_COLOUR('Steel - Satin',#5711);
#5709=FILL_AREA_STYLE_COLOUR('Opaque(161,163,145)',#5712);
#5710=FILL_AREA_STYLE_COLOUR(
'EPX 150 - Air Baked (with Carbon M2 M3 L1 3D Printers)',#5713);
#5711=COLOUR_RGB('Steel - Satin',0.627450980392157,0.627450980392157,0.627450980392157);
#5712=COLOUR_RGB('Opaque(161,163,145)',0.631372549019608,0.63921568627451,
0.568627450980392);
#5713=COLOUR_RGB(
'EPX 150 - Air Baked (with Carbon M2 M3 L1 3D Printers)',0.247058823529412,
0.247058823529412,0.247058823529412);
ENDSEC;
END-ISO-10303-21;
